DATAFLOW,LAST UPDATE,freq,n_item,unit,age,sex,geo,TIME_PERIOD,OBS_VALUE,OBS_FLAG
ESTAT:TESSI080(1.0),24/05/24 14:14:00,A,GE7,PC,TOTAL,F,AL,2017,42.1,
ESTAT:TESSI080(1.0),24/05/24 14:14:00,A,GE7,PC,TOTAL,F,AL,2018,39.0,
ESTAT:TESSI080(1.0),24/05/24 14:14:00,A,GE7,PC,TOTAL,F,AL,2019,35.2,
ESTAT:TESSI080(1.0),24/05/24 14:14:00,A,GE7,PC,TOTAL,F,AL,2020,32.5,
ESTAT:TESSI080(1.0),24/05/24 14:14:00,A,GE7,PC,TOTAL,F,AL,2021,32.1,
ESTAT:TESSI080(1.0),24/05/24 14:14:00,A,GE7,PC,TOTAL,F,AT,2015,4.1,
ESTAT:TESSI080(1.0),24/05/24 14:14:00,A,GE7,PC,TOTAL,F,AT,2016,4.3,
ESTAT:TESSI080(1.0),24/05/24 14:14:00,A,GE7,PC,TOTAL,F,AT,2017,3.9,
ESTAT:TESSI080(1.0),24/05/24 14:14:00,A,GE7,PC,TOTAL,F,AT,2018,3.5,
ESTAT:TESSI080(1.0),24/05/24 14:14:00,A,GE7,PC,TOTAL,F,AT,2019,3.5,
ESTAT:TESSI080(1.0),24/05/24 14:14:00,A,GE7,PC,TOTAL,F,AT,2020,3.3,
ESTAT:TESSI080(1.0),24/05/24 14:14:00,A,GE7,PC,TOTAL,F,AT,2021,2.5,
ESTAT:TESSI080(1.0),24/05/24 14:14:00,A,GE7,PC,TOTAL,F,AT,2022,3.5,
ESTAT:TESSI080(1.0),24/05/24 14:14:00,A,GE7,PC,TOTAL,F,AT,2023,4.4,
ESTAT:TESSI080(1.0),24/05/24 14:14:00,A,GE7,PC,TOTAL,F,BE,2015,7.9,
ESTAT:TESSI080(1.0),24/05/24 14:14:00,A,GE7,PC,TOTAL,F,BE,2016,8.9,
ESTAT:TESSI080(1.0),24/05/24 14:14:00,A,GE7,PC,TOTAL,F,BE,2017,8.2,
ESTAT:TESSI080(1.0),24/05/24 14:14:00,A,GE7,PC,TOTAL,F,BE,2018,7.3,
ESTAT:TESSI080(1.0),24/05/24 14:14:00,A,GE7,PC,TOTAL,F,BE,2019,6.6,b
ESTAT:TESSI080(1.0),24/05/24 14:14:00,A,GE7,PC,TOTAL,F,BE,2020,6.9,
ESTAT:TESSI080(1.0),24/05/24 14:14:00,A,GE7,PC,TOTAL,F,BE,2021,6.9,
ESTAT:TESSI080(1.0),24/05/24 14:14:00,A,GE7,PC,TOTAL,F,BE,2022,6.4,
ESTAT:TESSI080(1.0),24/05/24 14:14:00,A,GE7,PC,TOTAL,F,BE,2023,6.4,
ESTAT:TESSI080(1.0),24/05/24 14:14:00,A,GE7,PC,TOTAL,F,BG,2015,45.0,
ESTAT:TESSI080(1.0),24/05/24 14:14:00,A,GE7,PC,TOTAL,F,BG,2016,43.6,b
ESTAT:TESSI080(1.0),24/05/24 14:14:00,A,GE7,PC,TOTAL,F,BG,2017,40.3,
ESTAT:TESSI080(1.0),24/05/24 14:14:00,A,GE7,PC,TOTAL,F,BG,2018,32.9,
ESTAT:TESSI080(1.0),24/05/24 14:14:00,A,GE7,PC,TOTAL,F,BG,2019,32.2,
ESTAT:TESSI080(1.0),24/05/24 14:14:00,A,GE7,PC,TOTAL,F,BG,2020,32.9,
ESTAT:TESSI080(1.0),24/05/24 14:14:00,A,GE7,PC,TOTAL,F,BG,2021,31.3,
ESTAT:TESSI080(1.0),24/05/24 14:14:00,A,GE7,PC,TOTAL,F,BG,2022,31.3,
ESTAT:TESSI080(1.0),24/05/24 14:14:00,A,GE7,PC,TOTAL,F,BG,2023,31.4,
ESTAT:TESSI080(1.0),24/05/24 14:14:00,A,GE7,PC,TOTAL,F,CH,2015,2.2,
ESTAT:TESSI080(1.0),24/05/24 14:14:00,A,GE7,PC,TOTAL,F,CH,2016,2.0,
ESTAT:TESSI080(1.0),24/05/24 14:14:00,A,GE7,PC,TOTAL,F,CH,2017,1.7,
ESTAT:TESSI080(1.0),24/05/24 14:14:00,A,GE7,PC,TOTAL,F,CH,2018,2.1,
ESTAT:TESSI080(1.0),24/05/24 14:14:00,A,GE7,PC,TOTAL,F,CH,2019,2.4,
ESTAT:TESSI080(1.0),24/05/24 14:14:00,A,GE7,PC,TOTAL,F,CH,2020,1.7,
ESTAT:TESSI080(1.0),24/05/24 14:14:00,A,GE7,PC,TOTAL,F,CH,2021,2.0,
ESTAT:TESSI080(1.0),24/05/24 14:14:00,A,GE7,PC,TOTAL,F,CH,2022,1.5,
ESTAT:TESSI080(1.0),24/05/24 14:14:00,A,GE7,PC,TOTAL,F,CY,2015,12.5,
ESTAT:TESSI080(1.0),24/05/24 14:14:00,A,GE7,PC,TOTAL,F,CY,2016,11.0,
ESTAT:TESSI080(1.0),24/05/24 14:14:00,A,GE7,PC,TOTAL,F,CY,2017,10.0,
ESTAT:TESSI080(1.0),24/05/24 14:14:00,A,GE7,PC,TOTAL,F,CY,2018,5.9,
ESTAT:TESSI080(1.0),24/05/24 14:14:00,A,GE7,PC,TOTAL,F,CY,2019,5.0,
ESTAT:TESSI080(1.0),24/05/24 14:14:00,A,GE7,PC,TOTAL,F,CY,2020,5.5,
ESTAT:TESSI080(1.0),24/05/24 14:14:00,A,GE7,PC,TOTAL,F,CY,2021,6.0,
ESTAT:TESSI080(1.0),24/05/24 14:14:00,A,GE7,PC,TOTAL,F,CY,2022,4.4,
ESTAT:TESSI080(1.0),24/05/24 14:14:00,A,GE7,PC,TOTAL,F,CZ,2015,9.8,
ESTAT:TESSI080(1.0),24/05/24 14:14:00,A,GE7,PC,TOTAL,F,CZ,2016,7.9,
ESTAT:TESSI080(1.0),24/05/24 14:14:00,A,GE7,PC,TOTAL,F,CZ,2017,7.7,
ESTAT:TESSI080(1.0),24/05/24 14:14:00,A,GE7,PC,TOTAL,F,CZ,2018,6.5,
ESTAT:TESSI080(1.0),24/05/24 14:14:00,A,GE7,PC,TOTAL,F,CZ,2019,5.3,
ESTAT:TESSI080(1.0),24/05/24 14:14:00,A,GE7,PC,TOTAL,F,CZ,2020,5.0,
ESTAT:TESSI080(1.0),24/05/24 14:14:00,A,GE7,PC,TOTAL,F,CZ,2021,5.3,
ESTAT:TESSI080(1.0),24/05/24 14:14:00,A,GE7,PC,TOTAL,F,CZ,2022,4.8,
ESTAT:TESSI080(1.0),24/05/24 14:14:00,A,GE7,PC,TOTAL,F,CZ,2023,6.2,
ESTAT:TESSI080(1.0),24/05/24 14:14:00,A,GE7,PC,TOTAL,F,DE,2015,7.2,
ESTAT:TESSI080(1.0),24/05/24 14:14:00,A,GE7,PC,TOTAL,F,DE,2016,6.0,
ESTAT:TESSI080(1.0),24/05/24 14:14:00,A,GE7,PC,TOTAL,F,DE,2017,4.9,
ESTAT:TESSI080(1.0),24/05/24 14:14:00,A,GE7,PC,TOTAL,F,DE,2018,4.1,
ESTAT:TESSI080(1.0),24/05/24 14:14:00,A,GE7,PC,TOTAL,F,DE,2019,3.7,
ESTAT:TESSI080(1.0),24/05/24 14:14:00,A,GE7,PC,TOTAL,F,DE,2020,6.8,b
ESTAT:TESSI080(1.0),24/05/24 14:14:00,A,GE7,PC,TOTAL,F,DE,2021,7.1,
ESTAT:TESSI080(1.0),24/05/24 14:14:00,A,GE7,PC,TOTAL,F,DE,2022,8.7,
ESTAT:TESSI080(1.0),24/05/24 14:14:00,A,GE7,PC,TOTAL,F,DE,2023,9.5,
ESTAT:TESSI080(1.0),24/05/24 14:14:00,A,GE7,PC,TOTAL,F,DK,2015,2.9,
ESTAT:TESSI080(1.0),24/05/24 14:14:00,A,GE7,PC,TOTAL,F,DK,2016,2.3,
ESTAT:TESSI080(1.0),24/05/24 14:14:00,A,GE7,PC,TOTAL,F,DK,2017,3.4,
ESTAT:TESSI080(1.0),24/05/24 14:14:00,A,GE7,PC,TOTAL,F,DK,2018,3.5,
ESTAT:TESSI080(1.0),24/05/24 14:14:00,A,GE7,PC,TOTAL,F,DK,2019,3.3,u
ESTAT:TESSI080(1.0),24/05/24 14:14:00,A,GE7,PC,TOTAL,F,DK,2020,3.3,
ESTAT:TESSI080(1.0),24/05/24 14:14:00,A,GE7,PC,TOTAL,F,DK,2021,3.8,
ESTAT:TESSI080(1.0),24/05/24 14:14:00,A,GE7,PC,TOTAL,F,DK,2022,3.6,
ESTAT:TESSI080(1.0),24/05/24 14:14:00,A,GE7,PC,TOTAL,F,DK,2023,4.8,
ESTAT:TESSI080(1.0),24/05/24 14:14:00,A,GE7,PC,TOTAL,F,EA20,2015,11.4,
ESTAT:TESSI080(1.0),24/05/24 14:14:00,A,GE7,PC,TOTAL,F,EA20,2016,10.8,
ESTAT:TESSI080(1.0),24/05/24 14:14:00,A,GE7,PC,TOTAL,F,EA20,2017,9.4,
ESTAT:TESSI080(1.0),24/05/24 14:14:00,A,GE7,PC,TOTAL,F,EA20,2018,8.8,
ESTAT:TESSI080(1.0),24/05/24 14:14:00,A,GE7,PC,TOTAL,F,EA20,2019,8.3,
ESTAT:TESSI080(1.0),24/05/24 14:14:00,A,GE7,PC,TOTAL,F,EA20,2020,9.1,
ESTAT:TESSI080(1.0),24/05/24 14:14:00,A,GE7,PC,TOTAL,F,EA20,2021,8.8,
ESTAT:TESSI080(1.0),24/05/24 14:14:00,A,GE7,PC,TOTAL,F,EA20,2022,8.9,
ESTAT:TESSI080(1.0),24/05/24 14:14:00,A,GE7,PC,TOTAL,F,EE,2015,8.8,
ESTAT:TESSI080(1.0),24/05/24 14:14:00,A,GE7,PC,TOTAL,F,EE,2016,6.5,
ESTAT:TESSI080(1.0),24/05/24 14:14:00,A,GE7,PC,TOTAL,F,EE,2017,9.2,
ESTAT:TESSI080(1.0),24/05/24 14:14:00,A,GE7,PC,TOTAL,F,EE,2018,7.7,
ESTAT:TESSI080(1.0),24/05/24 14:14:00,A,GE7,PC,TOTAL,F,EE,2019,6.7,
ESTAT:TESSI080(1.0),24/05/24 14:14:00,A,GE7,PC,TOTAL,F,EE,2020,5.9,
ESTAT:TESSI080(1.0),24/05/24 14:14:00,A,GE7,PC,TOTAL,F,EE,2021,5.8,
ESTAT:TESSI080(1.0),24/05/24 14:14:00,A,GE7,PC,TOTAL,F,EE,2022,6.7,
ESTAT:TESSI080(1.0),24/05/24 14:14:00,A,GE7,PC,TOTAL,F,EE,2023,5.8,
ESTAT:TESSI080(1.0),24/05/24 14:14:00,A,GE7,PC,TOTAL,F,EL,2015,27.3,
ESTAT:TESSI080(1.0),24/05/24 14:14:00,A,GE7,PC,TOTAL,F,EL,2016,28.4,
ESTAT:TESSI080(1.0),24/05/24 14:14:00,A,GE7,PC,TOTAL,F,EL,2017,25.4,
ESTAT:TESSI080(1.0),24/05/24 14:14:00,A,GE7,PC,TOTAL,F,EL,2018,22.5,
ESTAT:TESSI080(1.0),24/05/24 14:14:00,A,GE7,PC,TOTAL,F,EL,2019,21.2,
ESTAT:TESSI080(1.0),24/05/24 14:14:00,A,GE7,PC,TOTAL,F,EL,2020,21.7,
ESTAT:TESSI080(1.0),24/05/24 14:14:00,A,GE7,PC,TOTAL,F,EL,2021,20.2,
ESTAT:TESSI080(1.0),24/05/24 14:14:00,A,GE7,PC,TOTAL,F,EL,2022,20.8,
ESTAT:TESSI080(1.0),24/05/24 14:14:00,A,GE7,PC,TOTAL,F,EL,2023,20.7,
ESTAT:TESSI080(1.0),24/05/24 14:14:00,A,GE7,PC,TOTAL,F,ES,2015,10.5,
ESTAT:TESSI080(1.0),24/05/24 14:14:00,A,GE7,PC,TOTAL,F,ES,2016,10.5,
ESTAT:TESSI080(1.0),24/05/24 14:14:00,A,GE7,PC,TOTAL,F,ES,2017,10.1,
ESTAT:TESSI080(1.0),24/05/24 14:14:00,A,GE7,PC,TOTAL,F,ES,2018,10.2,
ESTAT:TESSI080(1.0),24/05/24 14:14:00,A,GE7,PC,TOTAL,F,ES,2019,9.6,
ESTAT:TESSI080(1.0),24/05/24 14:14:00,A,GE7,PC,TOTAL,F,ES,2020,12.2,
ESTAT:TESSI080(1.0),24/05/24 14:14:00,A,GE7,PC,TOTAL,F,ES,2021,11.3,
ESTAT:TESSI080(1.0),24/05/24 14:14:00,A,GE7,PC,TOTAL,F,ES,2022,10.3,
ESTAT:TESSI080(1.0),24/05/24 14:14:00,A,GE7,PC,TOTAL,F,ES,2023,11.3,
ESTAT:TESSI080(1.0),24/05/24 14:14:00,A,GE7,PC,TOTAL,F,EU27_2020,2015,13.4,
ESTAT:TESSI080(1.0),24/05/24 14:14:00,A,GE7,PC,TOTAL,F,EU27_2020,2016,12.6,
ESTAT:TESSI080(1.0),24/05/24 14:14:00,A,GE7,PC,TOTAL,F,EU27_2020,2017,11.3,
ESTAT:TESSI080(1.0),24/05/24 14:14:00,A,GE7,PC,TOTAL,F,EU27_2020,2018,10.3,
ESTAT:TESSI080(1.0),24/05/24 14:14:00,A,GE7,PC,TOTAL,F,EU27_2020,2019,9.6,
ESTAT:TESSI080(1.0),24/05/24 14:14:00,A,GE7,PC,TOTAL,F,EU27_2020,2020,10.1,
ESTAT:TESSI080(1.0),24/05/24 14:14:00,A,GE7,PC,TOTAL,F,EU27_2020,2021,9.9,
ESTAT:TESSI080(1.0),24/05/24 14:14:00,A,GE7,PC,TOTAL,F,EU27_2020,2022,9.9,
ESTAT:TESSI080(1.0),24/05/24 14:14:00,A,GE7,PC,TOTAL,F,FI,2015,2.0,
ESTAT:TESSI080(1.0),24/05/24 14:14:00,A,GE7,PC,TOTAL,F,FI,2016,2.5,u
ESTAT:TESSI080(1.0),24/05/24 14:14:00,A,GE7,PC,TOTAL,F,FI,2017,2.8,u
ESTAT:TESSI080(1.0),24/05/24 14:14:00,A,GE7,PC,TOTAL,F,FI,2018,2.8,
ESTAT:TESSI080(1.0),24/05/24 14:14:00,A,GE7,PC,TOTAL,F,FI,2019,2.6,
ESTAT:TESSI080(1.0),24/05/24 14:14:00,A,GE7,PC,TOTAL,F,FI,2020,2.9,
ESTAT:TESSI080(1.0),24/05/24 14:14:00,A,GE7,PC,TOTAL,F,FI,2021,2.9,
ESTAT:TESSI080(1.0),24/05/24 14:14:00,A,GE7,PC,TOTAL,F,FI,2022,3.4,
ESTAT:TESSI080(1.0),24/05/24 14:14:00,A,GE7,PC,TOTAL,F,FI,2023,3.8,
ESTAT:TESSI080(1.0),24/05/24 14:14:00,A,GE7,PC,TOTAL,F,FR,2015,8.1,
ESTAT:TESSI080(1.0),24/05/24 14:14:00,A,GE7,PC,TOTAL,F,FR,2016,7.5,
ESTAT:TESSI080(1.0),24/05/24 14:14:00,A,GE7,PC,TOTAL,F,FR,2017,7.0,
ESTAT:TESSI080(1.0),24/05/24 14:14:00,A,GE7,PC,TOTAL,F,FR,2018,7.1,
ESTAT:TESSI080(1.0),24/05/24 14:14:00,A,GE7,PC,TOTAL,F,FR,2019,7.9,
ESTAT:TESSI080(1.0),24/05/24 14:14:00,A,GE7,PC,TOTAL,F,FR,2020,7.8,b
ESTAT:TESSI080(1.0),24/05/24 14:14:00,A,GE7,PC,TOTAL,F,FR,2021,7.9,
ESTAT:TESSI080(1.0),24/05/24 14:14:00,A,GE7,PC,TOTAL,F,FR,2022,8.7,b
ESTAT:TESSI080(1.0),24/05/24 14:14:00,A,GE7,PC,TOTAL,F,HR,2015,20.2,
ESTAT:TESSI080(1.0),24/05/24 14:14:00,A,GE7,PC,TOTAL,F,HR,2016,17.6,
ESTAT:TESSI080(1.0),24/05/24 14:14:00,A,GE7,PC,TOTAL,F,HR,2017,16.5,
ESTAT:TESSI080(1.0),24/05/24 14:14:00,A,GE7,PC,TOTAL,F,HR,2018,15.0,
ESTAT:TESSI080(1.0),24/05/24 14:14:00,A,GE7,PC,TOTAL,F,HR,2019,13.0,
ESTAT:TESSI080(1.0),24/05/24 14:14:00,A,GE7,PC,TOTAL,F,HR,2020,13.0,
ESTAT:TESSI080(1.0),24/05/24 14:14:00,A,GE7,PC,TOTAL,F,HR,2021,13.2,
ESTAT:TESSI080(1.0),24/05/24 14:14:00,A,GE7,PC,TOTAL,F,HR,2022,11.4,
ESTAT:TESSI080(1.0),24/05/24 14:14:00,A,GE7,PC,TOTAL,F,HR,2023,9.4,b
ESTAT:TESSI080(1.0),24/05/24 14:14:00,A,GE7,PC,TOTAL,F,HU,2015,31.6,
ESTAT:TESSI080(1.0),24/05/24 14:14:00,A,GE7,PC,TOTAL,F,HU,2016,27.2,
ESTAT:TESSI080(1.0),24/05/24 14:14:00,A,GE7,PC,TOTAL,F,HU,2017,21.8,
ESTAT:TESSI080(1.0),24/05/24 14:14:00,A,GE7,PC,TOTAL,F,HU,2018,17.1,
ESTAT:TESSI080(1.0),24/05/24 14:14:00,A,GE7,PC,TOTAL,F,HU,2019,15.9,
ESTAT:TESSI080(1.0),24/05/24 14:14:00,A,GE7,PC,TOTAL,F,HU,2020,15.2,
ESTAT:TESSI080(1.0),24/05/24 14:14:00,A,GE7,PC,TOTAL,F,HU,2021,15.9,
ESTAT:TESSI080(1.0),24/05/24 14:14:00,A,GE7,PC,TOTAL,F,HU,2022,15.2,
ESTAT:TESSI080(1.0),24/05/24 14:14:00,A,GE7,PC,TOTAL,F,HU,2023,16.8,
ESTAT:TESSI080(1.0),24/05/24 14:14:00,A,GE7,PC,TOTAL,F,IE,2015,6.7,
ESTAT:TESSI080(1.0),24/05/24 14:14:00,A,GE7,PC,TOTAL,F,IE,2016,5.3,
ESTAT:TESSI080(1.0),24/05/24 14:14:00,A,GE7,PC,TOTAL,F,IE,2017,5.1,
ESTAT:TESSI080(1.0),24/05/24 14:14:00,A,GE7,PC,TOTAL,F,IE,2018,4.1,
ESTAT:TESSI080(1.0),24/05/24 14:14:00,A,GE7,PC,TOTAL,F,IE,2019,4.9,
ESTAT:TESSI080(1.0),24/05/24 14:14:00,A,GE7,PC,TOTAL,F,IE,2020,4.1,b
ESTAT:TESSI080(1.0),24/05/24 14:14:00,A,GE7,PC,TOTAL,F,IE,2021,5.3,
ESTAT:TESSI080(1.0),24/05/24 14:14:00,A,GE7,PC,TOTAL,F,IE,2022,5.9,
ESTAT:TESSI080(1.0),24/05/24 14:14:00,A,GE7,PC,TOTAL,F,IS,2015,1.9,
ESTAT:TESSI080(1.0),24/05/24 14:14:00,A,GE7,PC,TOTAL,F,IS,2016,1.5,
ESTAT:TESSI080(1.0),24/05/24 14:14:00,A,GE7,PC,TOTAL,F,IS,2017,1.5,
ESTAT:TESSI080(1.0),24/05/24 14:14:00,A,GE7,PC,TOTAL,F,IS,2018,1.2,
ESTAT:TESSI080(1.0),24/05/24 14:14:00,A,GE7,PC,TOTAL,F,IS,2019,1.0,u
ESTAT:TESSI080(1.0),24/05/24 14:14:00,A,GE7,PC,TOTAL,F,IT,2015,20.4,
ESTAT:TESSI080(1.0),24/05/24 14:14:00,A,GE7,PC,TOTAL,F,IT,2016,19.7,
ESTAT:TESSI080(1.0),24/05/24 14:14:00,A,GE7,PC,TOTAL,F,IT,2017,15.9,
ESTAT:TESSI080(1.0),24/05/24 14:14:00,A,GE7,PC,TOTAL,F,IT,2018,14.8,
ESTAT:TESSI080(1.0),24/05/24 14:14:00,A,GE7,PC,TOTAL,F,IT,2019,13.6,
ESTAT:TESSI080(1.0),24/05/24 14:14:00,A,GE7,PC,TOTAL,F,IT,2020,12.1,
ESTAT:TESSI080(1.0),24/05/24 14:14:00,A,GE7,PC,TOTAL,F,IT,2021,10.8,
ESTAT:TESSI080(1.0),24/05/24 14:14:00,A,GE7,PC,TOTAL,F,IT,2022,10.0,
ESTAT:TESSI080(1.0),24/05/24 14:14:00,A,GE7,PC,TOTAL,F,LT,2015,25.2,
ESTAT:TESSI080(1.0),24/05/24 14:14:00,A,GE7,PC,TOTAL,F,LT,2016,25.0,
ESTAT:TESSI080(1.0),24/05/24 14:14:00,A,GE7,PC,TOTAL,F,LT,2017,25.3,
ESTAT:TESSI080(1.0),24/05/24 14:14:00,A,GE7,PC,TOTAL,F,LT,2018,23.8,
ESTAT:TESSI080(1.0),24/05/24 14:14:00,A,GE7,PC,TOTAL,F,LT,2019,20.6,
ESTAT:TESSI080(1.0),24/05/24 14:14:00,A,GE7,PC,TOTAL,F,LT,2020,18.8,
ESTAT:TESSI080(1.0),24/05/24 14:14:00,A,GE7,PC,TOTAL,F,LT,2021,17.5,
ESTAT:TESSI080(1.0),24/05/24 14:14:00,A,GE7,PC,TOTAL,F,LT,2022,15.2,
ESTAT:TESSI080(1.0),24/05/24 14:14:00,A,GE7,PC,TOTAL,F,LU,2015,3.3,
ESTAT:TESSI080(1.0),24/05/24 14:14:00,A,GE7,PC,TOTAL,F,LU,2016,2.7,b
ESTAT:TESSI080(1.0),24/05/24 14:14:00,A,GE7,PC,TOTAL,F,LU,2017,2.2,
ESTAT:TESSI080(1.0),24/05/24 14:14:00,A,GE7,PC,TOTAL,F,LU,2018,2.4,u
ESTAT:TESSI080(1.0),24/05/24 14:14:00,A,GE7,PC,TOTAL,F,LU,2019,1.8,u
ESTAT:TESSI080(1.0),24/05/24 14:14:00,A,GE7,PC,TOTAL,F,LU,2020,2.2,b
ESTAT:TESSI080(1.0),24/05/24 14:14:00,A,GE7,PC,TOTAL,F,LU,2021,3.1,b
ESTAT:TESSI080(1.0),24/05/24 14:14:00,A,GE7,PC,TOTAL,F,LU,2022,2.0,b
ESTAT:TESSI080(1.0),24/05/24 14:14:00,A,GE7,PC,TOTAL,F,LV,2015,23.4,
ESTAT:TESSI080(1.0),24/05/24 14:14:00,A,GE7,PC,TOTAL,F,LV,2016,20.9,
ESTAT:TESSI080(1.0),24/05/24 14:14:00,A,GE7,PC,TOTAL,F,LV,2017,21.1,
ESTAT:TESSI080(1.0),24/05/24 14:14:00,A,GE7,PC,TOTAL,F,LV,2018,17.9,
ESTAT:TESSI080(1.0),24/05/24 14:14:00,A,GE7,PC,TOTAL,F,LV,2019,14.8,
ESTAT:TESSI080(1.0),24/05/24 14:14:00,A,GE7,PC,TOTAL,F,LV,2020,13.4,
ESTAT:TESSI080(1.0),24/05/24 14:14:00,A,GE7,PC,TOTAL,F,LV,2021,13.1,
ESTAT:TESSI080(1.0),24/05/24 14:14:00,A,GE7,PC,TOTAL,F,LV,2022,13.3,
ESTAT:TESSI080(1.0),24/05/24 14:14:00,A,GE7,PC,TOTAL,F,LV,2023,12.8,
ESTAT:TESSI080(1.0),24/05/24 14:14:00,A,GE7,PC,TOTAL,F,ME,2022,24.6,
ESTAT:TESSI080(1.0),24/05/24 14:14:00,A,GE7,PC,TOTAL,F,MK,2015,39.5,
ESTAT:TESSI080(1.0),24/05/24 14:14:00,A,GE7,PC,TOTAL,F,MK,2016,37.0,
ESTAT:TESSI080(1.0),24/05/24 14:14:00,A,GE7,PC,TOTAL,F,MK,2017,34.1,
ESTAT:TESSI080(1.0),24/05/24 14:14:00,A,GE7,PC,TOTAL,F,MK,2018,31.2,
ESTAT:TESSI080(1.0),24/05/24 14:14:00,A,GE7,PC,TOTAL,F,MK,2019,31.7,
ESTAT:TESSI080(1.0),24/05/24 14:14:00,A,GE7,PC,TOTAL,F,MK,2020,30.5,
ESTAT:TESSI080(1.0),24/05/24 14:14:00,A,GE7,PC,TOTAL,F,MT,2015,12.0,
ESTAT:TESSI080(1.0),24/05/24 14:14:00,A,GE7,PC,TOTAL,F,MT,2016,8.3,
ESTAT:TESSI080(1.0),24/05/24 14:14:00,A,GE7,PC,TOTAL,F,MT,2017,7.1,
ESTAT:TESSI080(1.0),24/05/24 14:14:00,A,GE7,PC,TOTAL,F,MT,2018,8.2,
ESTAT:TESSI080(1.0),24/05/24 14:14:00,A,GE7,PC,TOTAL,F,MT,2019,8.1,
ESTAT:TESSI080(1.0),24/05/24 14:14:00,A,GE7,PC,TOTAL,F,MT,2020,9.0,
ESTAT:TESSI080(1.0),24/05/24 14:14:00,A,GE7,PC,TOTAL,F,MT,2021,8.9,
ESTAT:TESSI080(1.0),24/05/24 14:14:00,A,GE7,PC,TOTAL,F,MT,2022,7.8,
ESTAT:TESSI080(1.0),24/05/24 14:14:00,A,GE7,PC,TOTAL,F,NL,2015,2.9,
ESTAT:TESSI080(1.0),24/05/24 14:14:00,A,GE7,PC,TOTAL,F,NL,2016,3.0,bu
ESTAT:TESSI080(1.0),24/05/24 14:14:00,A,GE7,PC,TOTAL,F,NL,2017,2.5,u
ESTAT:TESSI080(1.0),24/05/24 14:14:00,A,GE7,PC,TOTAL,F,NL,2018,2.8,
ESTAT:TESSI080(1.0),24/05/24 14:14:00,A,GE7,PC,TOTAL,F,NL,2019,2.7,
ESTAT:TESSI080(1.0),24/05/24 14:14:00,A,GE7,PC,TOTAL,F,NL,2020,2.4,
ESTAT:TESSI080(1.0),24/05/24 14:14:00,A,GE7,PC,TOTAL,F,NL,2021,2.8,
ESTAT:TESSI080(1.0),24/05/24 14:14:00,A,GE7,PC,TOTAL,F,NL,2022,2.5,
ESTAT:TESSI080(1.0),24/05/24 14:14:00,A,GE7,PC,TOTAL,F,NL,2023,2.5,
ESTAT:TESSI080(1.0),24/05/24 14:14:00,A,GE7,PC,TOTAL,F,NO,2015,1.3,
ESTAT:TESSI080(1.0),24/05/24 14:14:00,A,GE7,PC,TOTAL,F,NO,2017,1.2,
ESTAT:TESSI080(1.0),24/05/24 14:14:00,A,GE7,PC,TOTAL,F,NO,2018,1.2,
ESTAT:TESSI080(1.0),24/05/24 14:14:00,A,GE7,PC,TOTAL,F,NO,2019,1.6,
ESTAT:TESSI080(1.0),24/05/24 14:14:00,A,GE7,PC,TOTAL,F,NO,2020,1.6,
ESTAT:TESSI080(1.0),24/05/24 14:14:00,A,GE7,PC,TOTAL,F,NO,2021,1.9,b
ESTAT:TESSI080(1.0),24/05/24 14:14:00,A,GE7,PC,TOTAL,F,NO,2022,1.6,
ESTAT:TESSI080(1.0),24/05/24 14:14:00,A,GE7,PC,TOTAL,F,PL,2015,12.4,
ESTAT:TESSI080(1.0),24/05/24 14:14:00,A,GE7,PC,TOTAL,F,PL,2016,9.5,
ESTAT:TESSI080(1.0),24/05/24 14:14:00,A,GE7,PC,TOTAL,F,PL,2017,9.8,
ESTAT:TESSI080(1.0),24/05/24 14:14:00,A,GE7,PC,TOTAL,F,PL,2018,8.8,
ESTAT:TESSI080(1.0),24/05/24 14:14:00,A,GE7,PC,TOTAL,F,PL,2019,7.6,
ESTAT:TESSI080(1.0),24/05/24 14:14:00,A,GE7,PC,TOTAL,F,PL,2020,7.4,
ESTAT:TESSI080(1.0),24/05/24 14:14:00,A,GE7,PC,TOTAL,F,PL,2021,6.8,
ESTAT:TESSI080(1.0),24/05/24 14:14:00,A,GE7,PC,TOTAL,F,PL,2022,5.8,
ESTAT:TESSI080(1.0),24/05/24 14:14:00,A,GE7,PC,TOTAL,F,PL,2023,5.6,
ESTAT:TESSI080(1.0),24/05/24 14:14:00,A,GE7,PC,TOTAL,F,PT,2015,17.3,
ESTAT:TESSI080(1.0),24/05/24 14:14:00,A,GE7,PC,TOTAL,F,PT,2016,15.2,
ESTAT:TESSI080(1.0),24/05/24 14:14:00,A,GE7,PC,TOTAL,F,PT,2017,13.6,
ESTAT:TESSI080(1.0),24/05/24 14:14:00,A,GE7,PC,TOTAL,F,PT,2018,12.2,
ESTAT:TESSI080(1.0),24/05/24 14:14:00,A,GE7,PC,TOTAL,F,PT,2019,10.7,
ESTAT:TESSI080(1.0),24/05/24 14:14:00,A,GE7,PC,TOTAL,F,PT,2020,10.3,
ESTAT:TESSI080(1.0),24/05/24 14:14:00,A,GE7,PC,TOTAL,F,PT,2021,11.0,
ESTAT:TESSI080(1.0),24/05/24 14:14:00,A,GE7,PC,TOTAL,F,PT,2022,9.6,
ESTAT:TESSI080(1.0),24/05/24 14:14:00,A,GE7,PC,TOTAL,F,PT,2023,9.8,
ESTAT:TESSI080(1.0),24/05/24 14:14:00,A,GE7,PC,TOTAL,F,RO,2015,40.3,
ESTAT:TESSI080(1.0),24/05/24 14:14:00,A,GE7,PC,TOTAL,F,RO,2016,42.4,
ESTAT:TESSI080(1.0),24/05/24 14:14:00,A,GE7,PC,TOTAL,F,RO,2017,40.6,
ESTAT:TESSI080(1.0),24/05/24 14:14:00,A,GE7,PC,TOTAL,F,RO,2018,36.3,
ESTAT:TESSI080(1.0),24/05/24 14:14:00,A,GE7,PC,TOTAL,F,RO,2019,33.1,
ESTAT:TESSI080(1.0),24/05/24 14:14:00,A,GE7,PC,TOTAL,F,RO,2020,32.9,
ESTAT:TESSI080(1.0),24/05/24 14:14:00,A,GE7,PC,TOTAL,F,RO,2021,34.8,
ESTAT:TESSI080(1.0),24/05/24 14:14:00,A,GE7,PC,TOTAL,F,RO,2022,34.6,
ESTAT:TESSI080(1.0),24/05/24 14:14:00,A,GE7,PC,TOTAL,F,RO,2023,32.2,
ESTAT:TESSI080(1.0),24/05/24 14:14:00,A,GE7,PC,TOTAL,F,RS,2015,30.0,
ESTAT:TESSI080(1.0),24/05/24 14:14:00,A,GE7,PC,TOTAL,F,RS,2017,29.1,
ESTAT:TESSI080(1.0),24/05/24 14:14:00,A,GE7,PC,TOTAL,F,RS,2018,23.7,
ESTAT:TESSI080(1.0),24/05/24 14:14:00,A,GE7,PC,TOTAL,F,RS,2019,23.1,
ESTAT:TESSI080(1.0),24/05/24 14:14:00,A,GE7,PC,TOTAL,F,RS,2020,21.8,
ESTAT:TESSI080(1.0),24/05/24 14:14:00,A,GE7,PC,TOTAL,F,RS,2021,20.9,
ESTAT:TESSI080(1.0),24/05/24 14:14:00,A,GE7,PC,TOTAL,F,RS,2022,19.8,
ESTAT:TESSI080(1.0),24/05/24 14:14:00,A,GE7,PC,TOTAL,F,SE,2015,1.0,b
ESTAT:TESSI080(1.0),24/05/24 14:14:00,A,GE7,PC,TOTAL,F,SE,2016,1.0,
ESTAT:TESSI080(1.0),24/05/24 14:14:00,A,GE7,PC,TOTAL,F,SE,2017,1.2,
ESTAT:TESSI080(1.0),24/05/24 14:14:00,A,GE7,PC,TOTAL,F,SE,2018,1.5,
ESTAT:TESSI080(1.0),24/05/24 14:14:00,A,GE7,PC,TOTAL,F,SE,2019,1.4,
ESTAT:TESSI080(1.0),24/05/24 14:14:00,A,GE7,PC,TOTAL,F,SE,2020,1.2,
ESTAT:TESSI080(1.0),24/05/24 14:14:00,A,GE7,PC,TOTAL,F,SE,2021,1.6,
ESTAT:TESSI080(1.0),24/05/24 14:14:00,A,GE7,PC,TOTAL,F,SE,2022,2.0,
ESTAT:TESSI080(1.0),24/05/24 14:14:00,A,GE7,PC,TOTAL,F,SE,2023,2.4,
ESTAT:TESSI080(1.0),24/05/24 14:14:00,A,GE7,PC,TOTAL,F,SI,2015,7.9,
ESTAT:TESSI080(1.0),24/05/24 14:14:00,A,GE7,PC,TOTAL,F,SI,2016,6.8,
ESTAT:TESSI080(1.0),24/05/24 14:14:00,A,GE7,PC,TOTAL,F,SI,2017,6.6,
ESTAT:TESSI080(1.0),24/05/24 14:14:00,A,GE7,PC,TOTAL,F,SI,2018,5.8,
ESTAT:TESSI080(1.0),24/05/24 14:14:00,A,GE7,PC,TOTAL,F,SI,2019,4.3,
ESTAT:TESSI080(1.0),24/05/24 14:14:00,A,GE7,PC,TOTAL,F,SI,2020,4.3,
ESTAT:TESSI080(1.0),24/05/24 14:14:00,A,GE7,PC,TOTAL,F,SI,2021,3.3,
ESTAT:TESSI080(1.0),24/05/24 14:14:00,A,GE7,PC,TOTAL,F,SI,2022,2.8,
ESTAT:TESSI080(1.0),24/05/24 14:14:00,A,GE7,PC,TOTAL,F,SI,2023,3.4,
ESTAT:TESSI080(1.0),24/05/24 14:14:00,A,GE7,PC,TOTAL,F,SK,2015,15.4,
ESTAT:TESSI080(1.0),24/05/24 14:14:00,A,GE7,PC,TOTAL,F,SK,2016,15.2,
ESTAT:TESSI080(1.0),24/05/24 14:14:00,A,GE7,PC,TOTAL,F,SK,2017,13.1,
ESTAT:TESSI080(1.0),24/05/24 14:14:00,A,GE7,PC,TOTAL,F,SK,2018,10.4,
ESTAT:TESSI080(1.0),24/05/24 14:14:00,A,GE7,PC,TOTAL,F,SK,2019,9.9,
ESTAT:TESSI080(1.0),24/05/24 14:14:00,A,GE7,PC,TOTAL,F,SK,2020,9.0,
ESTAT:TESSI080(1.0),24/05/24 14:14:00,A,GE7,PC,TOTAL,F,SK,2021,9.0,
ESTAT:TESSI080(1.0),24/05/24 14:14:00,A,GE7,PC,TOTAL,F,SK,2022,8.7,
ESTAT:TESSI080(1.0),24/05/24 14:14:00,A,GE7,PC,TOTAL,F,SK,2023,9.5,
ESTAT:TESSI080(1.0),24/05/24 14:14:00,A,GE7,PC,TOTAL,F,TR,2015,3.8,
ESTAT:TESSI080(1.0),24/05/24 14:14:00,A,GE7,PC,TOTAL,F,TR,2016,4.6,
ESTAT:TESSI080(1.0),24/05/24 14:14:00,A,GE7,PC,TOTAL,F,TR,2017,24.0,
ESTAT:TESSI080(1.0),24/05/24 14:14:00,A,GE7,PC,TOTAL,F,TR,2018,21.9,
ESTAT:TESSI080(1.0),24/05/24 14:14:00,A,GE7,PC,TOTAL,F,TR,2019,22.0,
ESTAT:TESSI080(1.0),24/05/24 14:14:00,A,GE7,PC,TOTAL,F,TR,2020,22.7,
ESTAT:TESSI080(1.0),24/05/24 14:14:00,A,GE7,PC,TOTAL,F,TR,2021,25.7,
ESTAT:TESSI080(1.0),24/05/24 14:14:00,A,GE7,PC,TOTAL,F,UK,2015,6.2,
ESTAT:TESSI080(1.0),24/05/24 14:14:00,A,GE7,PC,TOTAL,F,UK,2016,6.1,
ESTAT:TESSI080(1.0),24/05/24 14:14:00,A,GE7,PC,TOTAL,F,UK,2017,5.9,bu
ESTAT:TESSI080(1.0),24/05/24 14:14:00,A,GE7,PC,TOTAL,F,UK,2018,5.5,
ESTAT:TESSI080(1.0),24/05/24 14:14:00,A,GE7,PC,TOTAL,M,AL,2017,36.8,
ESTAT:TESSI080(1.0),24/05/24 14:14:00,A,GE7,PC,TOTAL,M,AL,2018,33.6,
ESTAT:TESSI080(1.0),24/05/24 14:14:00,A,GE7,PC,TOTAL,M,AL,2019,30.7,
ESTAT:TESSI080(1.0),24/05/24 14:14:00,A,GE7,PC,TOTAL,M,AL,2020,27.9,
ESTAT:TESSI080(1.0),24/05/24 14:14:00,A,GE7,PC,TOTAL,M,AL,2021,27.2,
ESTAT:TESSI080(1.0),24/05/24 14:14:00,A,GE7,PC,TOTAL,M,AT,2015,2.8,
ESTAT:TESSI080(1.0),24/05/24 14:14:00,A,GE7,PC,TOTAL,M,AT,2016,3.2,
ESTAT:TESSI080(1.0),24/05/24 14:14:00,A,GE7,PC,TOTAL,M,AT,2017,2.9,
ESTAT:TESSI080(1.0),24/05/24 14:14:00,A,GE7,PC,TOTAL,M,AT,2018,2.4,
ESTAT:TESSI080(1.0),24/05/24 14:14:00,A,GE7,PC,TOTAL,M,AT,2019,2.3,
ESTAT:TESSI080(1.0),24/05/24 14:14:00,A,GE7,PC,TOTAL,M,AT,2020,2.2,
ESTAT:TESSI080(1.0),24/05/24 14:14:00,A,GE7,PC,TOTAL,M,AT,2021,1.9,
ESTAT:TESSI080(1.0),24/05/24 14:14:00,A,GE7,PC,TOTAL,M,AT,2022,2.2,
ESTAT:TESSI080(1.0),24/05/24 14:14:00,A,GE7,PC,TOTAL,M,AT,2023,3.5,
ESTAT:TESSI080(1.0),24/05/24 14:14:00,A,GE7,PC,TOTAL,M,BE,2015,5.6,
ESTAT:TESSI080(1.0),24/05/24 14:14:00,A,GE7,PC,TOTAL,M,BE,2016,6.4,
ESTAT:TESSI080(1.0),24/05/24 14:14:00,A,GE7,PC,TOTAL,M,BE,2017,5.6,
ESTAT:TESSI080(1.0),24/05/24 14:14:00,A,GE7,PC,TOTAL,M,BE,2018,5.0,
ESTAT:TESSI080(1.0),24/05/24 14:14:00,A,GE7,PC,TOTAL,M,BE,2019,5.3,b
ESTAT:TESSI080(1.0),24/05/24 14:14:00,A,GE7,PC,TOTAL,M,BE,2020,5.6,
ESTAT:TESSI080(1.0),24/05/24 14:14:00,A,GE7,PC,TOTAL,M,BE,2021,5.9,
ESTAT:TESSI080(1.0),24/05/24 14:14:00,A,GE7,PC,TOTAL,M,BE,2022,5.0,
ESTAT:TESSI080(1.0),24/05/24 14:14:00,A,GE7,PC,TOTAL,M,BE,2023,5.6,
ESTAT:TESSI080(1.0),24/05/24 14:14:00,A,GE7,PC,TOTAL,M,BG,2015,38.5,
ESTAT:TESSI080(1.0),24/05/24 14:14:00,A,GE7,PC,TOTAL,M,BG,2016,36.6,b
ESTAT:TESSI080(1.0),24/05/24 14:14:00,A,GE7,PC,TOTAL,M,BG,2017,33.5,
ESTAT:TESSI080(1.0),24/05/24 14:14:00,A,GE7,PC,TOTAL,M,BG,2018,25.9,
ESTAT:TESSI080(1.0),24/05/24 14:14:00,A,GE7,PC,TOTAL,M,BG,2019,25.0,
ESTAT:TESSI080(1.0),24/05/24 14:14:00,A,GE7,PC,TOTAL,M,BG,2020,25.6,
ESTAT:TESSI080(1.0),24/05/24 14:14:00,A,GE7,PC,TOTAL,M,BG,2021,24.3,
ESTAT:TESSI080(1.0),24/05/24 14:14:00,A,GE7,PC,TOTAL,M,BG,2022,24.0,
ESTAT:TESSI080(1.0),24/05/24 14:14:00,A,GE7,PC,TOTAL,M,BG,2023,23.9,
ESTAT:TESSI080(1.0),24/05/24 14:14:00,A,GE7,PC,TOTAL,M,CH,2015,1.5,
ESTAT:TESSI080(1.0),24/05/24 14:14:00,A,GE7,PC,TOTAL,M,CH,2016,1.3,
ESTAT:TESSI080(1.0),24/05/24 14:14:00,A,GE7,PC,TOTAL,M,CH,2017,1.1,
ESTAT:TESSI080(1.0),24/05/24 14:14:00,A,GE7,PC,TOTAL,M,CH,2018,1.6,
ESTAT:TESSI080(1.0),24/05/24 14:14:00,A,GE7,PC,TOTAL,M,CH,2019,2.0,
ESTAT:TESSI080(1.0),24/05/24 14:14:00,A,GE7,PC,TOTAL,M,CH,2020,1.4,
ESTAT:TESSI080(1.0),24/05/24 14:14:00,A,GE7,PC,TOTAL,M,CH,2021,1.5,
ESTAT:TESSI080(1.0),24/05/24 14:14:00,A,GE7,PC,TOTAL,M,CH,2022,1.6,
ESTAT:TESSI080(1.0),24/05/24 14:14:00,A,GE7,PC,TOTAL,M,CY,2015,10.7,
ESTAT:TESSI080(1.0),24/05/24 14:14:00,A,GE7,PC,TOTAL,M,CY,2016,8.3,
ESTAT:TESSI080(1.0),24/05/24 14:14:00,A,GE7,PC,TOTAL,M,CY,2017,7.7,
ESTAT:TESSI080(1.0),24/05/24 14:14:00,A,GE7,PC,TOTAL,M,CY,2018,4.5,
ESTAT:TESSI080(1.0),24/05/24 14:14:00,A,GE7,PC,TOTAL,M,CY,2019,4.0,
ESTAT:TESSI080(1.0),24/05/24 14:14:00,A,GE7,PC,TOTAL,M,CY,2020,4.2,
ESTAT:TESSI080(1.0),24/05/24 14:14:00,A,GE7,PC,TOTAL,M,CY,2021,4.3,
ESTAT:TESSI080(1.0),24/05/24 14:14:00,A,GE7,PC,TOTAL,M,CY,2022,3.2,
ESTAT:TESSI080(1.0),24/05/24 14:14:00,A,GE7,PC,TOTAL,M,CZ,2015,6.2,
ESTAT:TESSI080(1.0),24/05/24 14:14:00,A,GE7,PC,TOTAL,M,CZ,2016,5.1,
ESTAT:TESSI080(1.0),24/05/24 14:14:00,A,GE7,PC,TOTAL,M,CZ,2017,4.6,
ESTAT:TESSI080(1.0),24/05/24 14:14:00,A,GE7,PC,TOTAL,M,CZ,2018,3.9,
ESTAT:TESSI080(1.0),24/05/24 14:14:00,A,GE7,PC,TOTAL,M,CZ,2019,3.3,
ESTAT:TESSI080(1.0),24/05/24 14:14:00,A,GE7,PC,TOTAL,M,CZ,2020,3.0,
ESTAT:TESSI080(1.0),24/05/24 14:14:00,A,GE7,PC,TOTAL,M,CZ,2021,3.4,
ESTAT:TESSI080(1.0),24/05/24 14:14:00,A,GE7,PC,TOTAL,M,CZ,2022,2.7,
ESTAT:TESSI080(1.0),24/05/24 14:14:00,A,GE7,PC,TOTAL,M,CZ,2023,3.7,
ESTAT:TESSI080(1.0),24/05/24 14:14:00,A,GE7,PC,TOTAL,M,DE,2015,5.4,
ESTAT:TESSI080(1.0),24/05/24 14:14:00,A,GE7,PC,TOTAL,M,DE,2016,4.5,
ESTAT:TESSI080(1.0),24/05/24 14:14:00,A,GE7,PC,TOTAL,M,DE,2017,3.9,
ESTAT:TESSI080(1.0),24/05/24 14:14:00,A,GE7,PC,TOTAL,M,DE,2018,3.5,
ESTAT:TESSI080(1.0),24/05/24 14:14:00,A,GE7,PC,TOTAL,M,DE,2019,3.1,
ESTAT:TESSI080(1.0),24/05/24 14:14:00,A,GE7,PC,TOTAL,M,DE,2020,6.2,b
ESTAT:TESSI080(1.0),24/05/24 14:14:00,A,GE7,PC,TOTAL,M,DE,2021,6.7,
ESTAT:TESSI080(1.0),24/05/24 14:14:00,A,GE7,PC,TOTAL,M,DE,2022,8.1,
ESTAT:TESSI080(1.0),24/05/24 14:14:00,A,GE7,PC,TOTAL,M,DE,2023,9.1,
ESTAT:TESSI080(1.0),24/05/24 14:14:00,A,GE7,PC,TOTAL,M,DK,2015,2.8,
ESTAT:TESSI080(1.0),24/05/24 14:14:00,A,GE7,PC,TOTAL,M,DK,2016,2.5,
ESTAT:TESSI080(1.0),24/05/24 14:14:00,A,GE7,PC,TOTAL,M,DK,2017,2.9,
ESTAT:TESSI080(1.0),24/05/24 14:14:00,A,GE7,PC,TOTAL,M,DK,2018,2.2,
ESTAT:TESSI080(1.0),24/05/24 14:14:00,A,GE7,PC,TOTAL,M,DK,2019,2.8,u
ESTAT:TESSI080(1.0),24/05/24 14:14:00,A,GE7,PC,TOTAL,M,DK,2020,2.6,
ESTAT:TESSI080(1.0),24/05/24 14:14:00,A,GE7,PC,TOTAL,M,DK,2021,2.9,
ESTAT:TESSI080(1.0),24/05/24 14:14:00,A,GE7,PC,TOTAL,M,DK,2022,3.3,
ESTAT:TESSI080(1.0),24/05/24 14:14:00,A,GE7,PC,TOTAL,M,DK,2023,4.2,
ESTAT:TESSI080(1.0),24/05/24 14:14:00,A,GE7,PC,TOTAL,M,EA20,2015,8.5,
ESTAT:TESSI080(1.0),24/05/24 14:14:00,A,GE7,PC,TOTAL,M,EA20,2016,8.1,
ESTAT:TESSI080(1.0),24/05/24 14:14:00,A,GE7,PC,TOTAL,M,EA20,2017,7.1,
ESTAT:TESSI080(1.0),24/05/24 14:14:00,A,GE7,PC,TOTAL,M,EA20,2018,6.5,
ESTAT:TESSI080(1.0),24/05/24 14:14:00,A,GE7,PC,TOTAL,M,EA20,2019,6.0,
ESTAT:TESSI080(1.0),24/05/24 14:14:00,A,GE7,PC,TOTAL,M,EA20,2020,6.9,
ESTAT:TESSI080(1.0),24/05/24 14:14:00,A,GE7,PC,TOTAL,M,EA20,2021,7.0,
ESTAT:TESSI080(1.0),24/05/24 14:14:00,A,GE7,PC,TOTAL,M,EA20,2022,7.0,
ESTAT:TESSI080(1.0),24/05/24 14:14:00,A,GE7,PC,TOTAL,M,EE,2015,6.1,
ESTAT:TESSI080(1.0),24/05/24 14:14:00,A,GE7,PC,TOTAL,M,EE,2016,4.5,
ESTAT:TESSI080(1.0),24/05/24 14:14:00,A,GE7,PC,TOTAL,M,EE,2017,6.0,
ESTAT:TESSI080(1.0),24/05/24 14:14:00,A,GE7,PC,TOTAL,M,EE,2018,5.3,
ESTAT:TESSI080(1.0),24/05/24 14:14:00,A,GE7,PC,TOTAL,M,EE,2019,4.2,
ESTAT:TESSI080(1.0),24/05/24 14:14:00,A,GE7,PC,TOTAL,M,EE,2020,4.2,
ESTAT:TESSI080(1.0),24/05/24 14:14:00,A,GE7,PC,TOTAL,M,EE,2021,3.7,
ESTAT:TESSI080(1.0),24/05/24 14:14:00,A,GE7,PC,TOTAL,M,EE,2022,4.5,
ESTAT:TESSI080(1.0),24/05/24 14:14:00,A,GE7,PC,TOTAL,M,EE,2023,3.4,
ESTAT:TESSI080(1.0),24/05/24 14:14:00,A,GE7,PC,TOTAL,M,EL,2015,21.7,
ESTAT:TESSI080(1.0),24/05/24 14:14:00,A,GE7,PC,TOTAL,M,EL,2016,22.2,
ESTAT:TESSI080(1.0),24/05/24 14:14:00,A,GE7,PC,TOTAL,M,EL,2017,19.9,
ESTAT:TESSI080(1.0),24/05/24 14:14:00,A,GE7,PC,TOTAL,M,EL,2018,16.8,
ESTAT:TESSI080(1.0),24/05/24 14:14:00,A,GE7,PC,TOTAL,M,EL,2019,15.6,
ESTAT:TESSI080(1.0),24/05/24 14:14:00,A,GE7,PC,TOTAL,M,EL,2020,15.6,
ESTAT:TESSI080(1.0),24/05/24 14:14:00,A,GE7,PC,TOTAL,M,EL,2021,14.3,
ESTAT:TESSI080(1.0),24/05/24 14:14:00,A,GE7,PC,TOTAL,M,EL,2022,14.8,
ESTAT:TESSI080(1.0),24/05/24 14:14:00,A,GE7,PC,TOTAL,M,EL,2023,14.3,
ESTAT:TESSI080(1.0),24/05/24 14:14:00,A,GE7,PC,TOTAL,M,ES,2015,8.0,
ESTAT:TESSI080(1.0),24/05/24 14:14:00,A,GE7,PC,TOTAL,M,ES,2016,8.1,
ESTAT:TESSI080(1.0),24/05/24 14:14:00,A,GE7,PC,TOTAL,M,ES,2017,8.0,
ESTAT:TESSI080(1.0),24/05/24 14:14:00,A,GE7,PC,TOTAL,M,ES,2018,8.0,
ESTAT:TESSI080(1.0),24/05/24 14:14:00,A,GE7,PC,TOTAL,M,ES,2019,7.2,
ESTAT:TESSI080(1.0),24/05/24 14:14:00,A,GE7,PC,TOTAL,M,ES,2020,9.1,
ESTAT:TESSI080(1.0),24/05/24 14:14:00,A,GE7,PC,TOTAL,M,ES,2021,8.3,
ESTAT:TESSI080(1.0),24/05/24 14:14:00,A,GE7,PC,TOTAL,M,ES,2022,8.0,
ESTAT:TESSI080(1.0),24/05/24 14:14:00,A,GE7,PC,TOTAL,M,ES,2023,9.0,
ESTAT:TESSI080(1.0),24/05/24 14:14:00,A,GE7,PC,TOTAL,M,EU27_2020,2015,10.4,
ESTAT:TESSI080(1.0),24/05/24 14:14:00,A,GE7,PC,TOTAL,M,EU27_2020,2016,9.7,
ESTAT:TESSI080(1.0),24/05/24 14:14:00,A,GE7,PC,TOTAL,M,EU27_2020,2017,8.7,
ESTAT:TESSI080(1.0),24/05/24 14:14:00,A,GE7,PC,TOTAL,M,EU27_2020,2018,7.7,
ESTAT:TESSI080(1.0),24/05/24 14:14:00,A,GE7,PC,TOTAL,M,EU27_2020,2019,7.1,
ESTAT:TESSI080(1.0),24/05/24 14:14:00,A,GE7,PC,TOTAL,M,EU27_2020,2020,7.8,
ESTAT:TESSI080(1.0),24/05/24 14:14:00,A,GE7,PC,TOTAL,M,EU27_2020,2021,7.9,
ESTAT:TESSI080(1.0),24/05/24 14:14:00,A,GE7,PC,TOTAL,M,EU27_2020,2022,7.7,
ESTAT:TESSI080(1.0),24/05/24 14:14:00,A,GE7,PC,TOTAL,M,FI,2015,1.5,
ESTAT:TESSI080(1.0),24/05/24 14:14:00,A,GE7,PC,TOTAL,M,FI,2016,1.7,u
ESTAT:TESSI080(1.0),24/05/24 14:14:00,A,GE7,PC,TOTAL,M,FI,2017,1.8,u
ESTAT:TESSI080(1.0),24/05/24 14:14:00,A,GE7,PC,TOTAL,M,FI,2018,2.1,
ESTAT:TESSI080(1.0),24/05/24 14:14:00,A,GE7,PC,TOTAL,M,FI,2019,1.9,
ESTAT:TESSI080(1.0),24/05/24 14:14:00,A,GE7,PC,TOTAL,M,FI,2020,1.9,
ESTAT:TESSI080(1.0),24/05/24 14:14:00,A,GE7,PC,TOTAL,M,FI,2021,1.7,
ESTAT:TESSI080(1.0),24/05/24 14:14:00,A,GE7,PC,TOTAL,M,FI,2022,2.0,
ESTAT:TESSI080(1.0),24/05/24 14:14:00,A,GE7,PC,TOTAL,M,FI,2023,3.0,
ESTAT:TESSI080(1.0),24/05/24 14:14:00,A,GE7,PC,TOTAL,M,FR,2015,4.7,
ESTAT:TESSI080(1.0),24/05/24 14:14:00,A,GE7,PC,TOTAL,M,FR,2016,5.2,
ESTAT:TESSI080(1.0),24/05/24 14:14:00,A,GE7,PC,TOTAL,M,FR,2017,5.0,
ESTAT:TESSI080(1.0),24/05/24 14:14:00,A,GE7,PC,TOTAL,M,FR,2018,4.6,
ESTAT:TESSI080(1.0),24/05/24 14:14:00,A,GE7,PC,TOTAL,M,FR,2019,5.0,
ESTAT:TESSI080(1.0),24/05/24 14:14:00,A,GE7,PC,TOTAL,M,FR,2020,5.3,b
ESTAT:TESSI080(1.0),24/05/24 14:14:00,A,GE7,PC,TOTAL,M,FR,2021,6.1,
ESTAT:TESSI080(1.0),24/05/24 14:14:00,A,GE7,PC,TOTAL,M,FR,2022,6.3,b
ESTAT:TESSI080(1.0),24/05/24 14:14:00,A,GE7,PC,TOTAL,M,HR,2015,15.6,
ESTAT:TESSI080(1.0),24/05/24 14:14:00,A,GE7,PC,TOTAL,M,HR,2016,13.1,
ESTAT:TESSI080(1.0),24/05/24 14:14:00,A,GE7,PC,TOTAL,M,HR,2017,11.9,
ESTAT:TESSI080(1.0),24/05/24 14:14:00,A,GE7,PC,TOTAL,M,HR,2018,10.8,
ESTAT:TESSI080(1.0),24/05/24 14:14:00,A,GE7,PC,TOTAL,M,HR,2019,9.3,
ESTAT:TESSI080(1.0),24/05/24 14:14:00,A,GE7,PC,TOTAL,M,HR,2020,9.4,
ESTAT:TESSI080(1.0),24/05/24 14:14:00,A,GE7,PC,TOTAL,M,HR,2021,8.6,
ESTAT:TESSI080(1.0),24/05/24 14:14:00,A,GE7,PC,TOTAL,M,HR,2022,7.6,
ESTAT:TESSI080(1.0),24/05/24 14:14:00,A,GE7,PC,TOTAL,M,HR,2023,5.7,b
ESTAT:TESSI080(1.0),24/05/24 14:14:00,A,GE7,PC,TOTAL,M,HU,2015,26.4,
ESTAT:TESSI080(1.0),24/05/24 14:14:00,A,GE7,PC,TOTAL,M,HU,2016,21.7,
ESTAT:TESSI080(1.0),24/05/24 14:14:00,A,GE7,PC,TOTAL,M,HU,2017,18.5,
ESTAT:TESSI080(1.0),24/05/24 14:14:00,A,GE7,PC,TOTAL,M,HU,2018,14.0,
ESTAT:TESSI080(1.0),24/05/24 14:14:00,A,GE7,PC,TOTAL,M,HU,2019,12.4,
ESTAT:TESSI080(1.0),24/05/24 14:14:00,A,GE7,PC,TOTAL,M,HU,2020,11.8,
ESTAT:TESSI080(1.0),24/05/24 14:14:00,A,GE7,PC,TOTAL,M,HU,2021,12.2,
ESTAT:TESSI080(1.0),24/05/24 14:14:00,A,GE7,PC,TOTAL,M,HU,2022,11.3,
ESTAT:TESSI080(1.0),24/05/24 14:14:00,A,GE7,PC,TOTAL,M,HU,2023,12.4,
ESTAT:TESSI080(1.0),24/05/24 14:14:00,A,GE7,PC,TOTAL,M,IE,2015,4.4,
ESTAT:TESSI080(1.0),24/05/24 14:14:00,A,GE7,PC,TOTAL,M,IE,2016,3.7,
ESTAT:TESSI080(1.0),24/05/24 14:14:00,A,GE7,PC,TOTAL,M,IE,2017,2.9,
ESTAT:TESSI080(1.0),24/05/24 14:14:00,A,GE7,PC,TOTAL,M,IE,2018,2.1,
ESTAT:TESSI080(1.0),24/05/24 14:14:00,A,GE7,PC,TOTAL,M,IE,2019,2.7,
ESTAT:TESSI080(1.0),24/05/24 14:14:00,A,GE7,PC,TOTAL,M,IE,2020,3.1,b
ESTAT:TESSI080(1.0),24/05/24 14:14:00,A,GE7,PC,TOTAL,M,IE,2021,3.9,
ESTAT:TESSI080(1.0),24/05/24 14:14:00,A,GE7,PC,TOTAL,M,IE,2022,5.0,
ESTAT:TESSI080(1.0),24/05/24 14:14:00,A,GE7,PC,TOTAL,M,IS,2015,0.7,
ESTAT:TESSI080(1.0),24/05/24 14:14:00,A,GE7,PC,TOTAL,M,IS,2016,0.4,
ESTAT:TESSI080(1.0),24/05/24 14:14:00,A,GE7,PC,TOTAL,M,IS,2017,0.8,
ESTAT:TESSI080(1.0),24/05/24 14:14:00,A,GE7,PC,TOTAL,M,IS,2018,0.4,
ESTAT:TESSI080(1.0),24/05/24 14:14:00,A,GE7,PC,TOTAL,M,IS,2019,0.4,u
ESTAT:TESSI080(1.0),24/05/24 14:14:00,A,GE7,PC,TOTAL,M,IT,2015,16.8,
ESTAT:TESSI080(1.0),24/05/24 14:14:00,A,GE7,PC,TOTAL,M,IT,2016,15.8,
ESTAT:TESSI080(1.0),24/05/24 14:14:00,A,GE7,PC,TOTAL,M,IT,2017,12.2,
ESTAT:TESSI080(1.0),24/05/24 14:14:00,A,GE7,PC,TOTAL,M,IT,2018,11.6,
ESTAT:TESSI080(1.0),24/05/24 14:14:00,A,GE7,PC,TOTAL,M,IT,2019,10.0,
ESTAT:TESSI080(1.0),24/05/24 14:14:00,A,GE7,PC,TOTAL,M,IT,2020,9.5,
ESTAT:TESSI080(1.0),24/05/24 14:14:00,A,GE7,PC,TOTAL,M,IT,2021,9.2,
ESTAT:TESSI080(1.0),24/05/24 14:14:00,A,GE7,PC,TOTAL,M,IT,2022,7.7,
ESTAT:TESSI080(1.0),24/05/24 14:14:00,A,GE7,PC,TOTAL,M,LT,2015,18.5,
ESTAT:TESSI080(1.0),24/05/24 14:14:00,A,GE7,PC,TOTAL,M,LT,2016,19.2,
ESTAT:TESSI080(1.0),24/05/24 14:14:00,A,GE7,PC,TOTAL,M,LT,2017,18.3,
ESTAT:TESSI080(1.0),24/05/24 14:14:00,A,GE7,PC,TOTAL,M,LT,2018,16.2,
ESTAT:TESSI080(1.0),24/05/24 14:14:00,A,GE7,PC,TOTAL,M,LT,2019,14.8,
ESTAT:TESSI080(1.0),24/05/24 14:14:00,A,GE7,PC,TOTAL,M,LT,2020,13.3,
ESTAT:TESSI080(1.0),24/05/24 14:14:00,A,GE7,PC,TOTAL,M,LT,2021,12.2,
ESTAT:TESSI080(1.0),24/05/24 14:14:00,A,GE7,PC,TOTAL,M,LT,2022,11.8,
ESTAT:TESSI080(1.0),24/05/24 14:14:00,A,GE7,PC,TOTAL,M,LU,2015,2.4,
ESTAT:TESSI080(1.0),24/05/24 14:14:00,A,GE7,PC,TOTAL,M,LU,2016,1.7,b
ESTAT:TESSI080(1.0),24/05/24 14:14:00,A,GE7,PC,TOTAL,M,LU,2017,1.3,
ESTAT:TESSI080(1.0),24/05/24 14:14:00,A,GE7,PC,TOTAL,M,LU,2018,1.0,u
ESTAT:TESSI080(1.0),24/05/24 14:14:00,A,GE7,PC,TOTAL,M,LU,2019,1.2,u
ESTAT:TESSI080(1.0),24/05/24 14:14:00,A,GE7,PC,TOTAL,M,LU,2020,1.4,b
ESTAT:TESSI080(1.0),24/05/24 14:14:00,A,GE7,PC,TOTAL,M,LU,2021,2.4,b
ESTAT:TESSI080(1.0),24/05/24 14:14:00,A,GE7,PC,TOTAL,M,LU,2022,1.3,b
ESTAT:TESSI080(1.0),24/05/24 14:14:00,A,GE7,PC,TOTAL,M,LV,2015,17.2,
ESTAT:TESSI080(1.0),24/05/24 14:14:00,A,GE7,PC,TOTAL,M,LV,2016,14.9,
ESTAT:TESSI080(1.0),24/05/24 14:14:00,A,GE7,PC,TOTAL,M,LV,2017,14.6,
ESTAT:TESSI080(1.0),24/05/24 14:14:00,A,GE7,PC,TOTAL,M,LV,2018,12.7,
ESTAT:TESSI080(1.0),24/05/24 14:14:00,A,GE7,PC,TOTAL,M,LV,2019,9.1,
ESTAT:TESSI080(1.0),24/05/24 14:14:00,A,GE7,PC,TOTAL,M,LV,2020,8.4,
ESTAT:TESSI080(1.0),24/05/24 14:14:00,A,GE7,PC,TOTAL,M,LV,2021,8.8,
ESTAT:TESSI080(1.0),24/05/24 14:14:00,A,GE7,PC,TOTAL,M,LV,2022,8.6,
ESTAT:TESSI080(1.0),24/05/24 14:14:00,A,GE7,PC,TOTAL,M,LV,2023,7.6,
ESTAT:TESSI080(1.0),24/05/24 14:14:00,A,GE7,PC,TOTAL,M,ME,2022,18.9,
ESTAT:TESSI080(1.0),24/05/24 14:14:00,A,GE7,PC,TOTAL,M,MK,2015,34.6,
ESTAT:TESSI080(1.0),24/05/24 14:14:00,A,GE7,PC,TOTAL,M,MK,2016,31.9,
ESTAT:TESSI080(1.0),24/05/24 14:14:00,A,GE7,PC,TOTAL,M,MK,2017,28.9,
ESTAT:TESSI080(1.0),24/05/24 14:14:00,A,GE7,PC,TOTAL,M,MK,2018,26.0,
ESTAT:TESSI080(1.0),24/05/24 14:14:00,A,GE7,PC,TOTAL,M,MK,2019,25.9,
ESTAT:TESSI080(1.0),24/05/24 14:14:00,A,GE7,PC,TOTAL,M,MK,2020,25.5,
ESTAT:TESSI080(1.0),24/05/24 14:14:00,A,GE7,PC,TOTAL,M,MT,2015,9.7,
ESTAT:TESSI080(1.0),24/05/24 14:14:00,A,GE7,PC,TOTAL,M,MT,2016,6.4,
ESTAT:TESSI080(1.0),24/05/24 14:14:00,A,GE7,PC,TOTAL,M,MT,2017,4.7,
ESTAT:TESSI080(1.0),24/05/24 14:14:00,A,GE7,PC,TOTAL,M,MT,2018,5.3,
ESTAT:TESSI080(1.0),24/05/24 14:14:00,A,GE7,PC,TOTAL,M,MT,2019,4.9,
ESTAT:TESSI080(1.0),24/05/24 14:14:00,A,GE7,PC,TOTAL,M,MT,2020,6.8,
ESTAT:TESSI080(1.0),24/05/24 14:14:00,A,GE7,PC,TOTAL,M,MT,2021,7.1,
ESTAT:TESSI080(1.0),24/05/24 14:14:00,A,GE7,PC,TOTAL,M,MT,2022,5.5,
ESTAT:TESSI080(1.0),24/05/24 14:14:00,A,GE7,PC,TOTAL,M,NL,2015,2.2,
ESTAT:TESSI080(1.0),24/05/24 14:14:00,A,GE7,PC,TOTAL,M,NL,2016,1.7,bu
ESTAT:TESSI080(1.0),24/05/24 14:14:00,A,GE7,PC,TOTAL,M,NL,2017,1.6,u
ESTAT:TESSI080(1.0),24/05/24 14:14:00,A,GE7,PC,TOTAL,M,NL,2018,2.1,
ESTAT:TESSI080(1.0),24/05/24 14:14:00,A,GE7,PC,TOTAL,M,NL,2019,2.2,
ESTAT:TESSI080(1.0),24/05/24 14:14:00,A,GE7,PC,TOTAL,M,NL,2020,1.8,
ESTAT:TESSI080(1.0),24/05/24 14:14:00,A,GE7,PC,TOTAL,M,NL,2021,2.4,
ESTAT:TESSI080(1.0),24/05/24 14:14:00,A,GE7,PC,TOTAL,M,NL,2022,2.6,
ESTAT:TESSI080(1.0),24/05/24 14:14:00,A,GE7,PC,TOTAL,M,NL,2023,2.9,
ESTAT:TESSI080(1.0),24/05/24 14:14:00,A,GE7,PC,TOTAL,M,NO,2015,0.8,
ESTAT:TESSI080(1.0),24/05/24 14:14:00,A,GE7,PC,TOTAL,M,NO,2017,1.4,
ESTAT:TESSI080(1.0),24/05/24 14:14:00,A,GE7,PC,TOTAL,M,NO,2018,1.4,
ESTAT:TESSI080(1.0),24/05/24 14:14:00,A,GE7,PC,TOTAL,M,NO,2019,1.1,
ESTAT:TESSI080(1.0),24/05/24 14:14:00,A,GE7,PC,TOTAL,M,NO,2020,1.6,
ESTAT:TESSI080(1.0),24/05/24 14:14:00,A,GE7,PC,TOTAL,M,NO,2021,1.3,b
ESTAT:TESSI080(1.0),24/05/24 14:14:00,A,GE7,PC,TOTAL,M,NO,2022,1.2,
ESTAT:TESSI080(1.0),24/05/24 14:14:00,A,GE7,PC,TOTAL,M,PL,2015,9.4,
ESTAT:TESSI080(1.0),24/05/24 14:14:00,A,GE7,PC,TOTAL,M,PL,2016,7.0,
ESTAT:TESSI080(1.0),24/05/24 14:14:00,A,GE7,PC,TOTAL,M,PL,2017,6.8,
ESTAT:TESSI080(1.0),24/05/24 14:14:00,A,GE7,PC,TOTAL,M,PL,2018,5.9,
ESTAT:TESSI080(1.0),24/05/24 14:14:00,A,GE7,PC,TOTAL,M,PL,2019,5.3,
ESTAT:TESSI080(1.0),24/05/24 14:14:00,A,GE7,PC,TOTAL,M,PL,2020,4.9,
ESTAT:TESSI080(1.0),24/05/24 14:14:00,A,GE7,PC,TOTAL,M,PL,2021,4.6,
ESTAT:TESSI080(1.0),24/05/24 14:14:00,A,GE7,PC,TOTAL,M,PL,2022,3.8,
ESTAT:TESSI080(1.0),24/05/24 14:14:00,A,GE7,PC,TOTAL,M,PL,2023,3.7,
ESTAT:TESSI080(1.0),24/05/24 14:14:00,A,GE7,PC,TOTAL,M,PT,2015,12.4,
ESTAT:TESSI080(1.0),24/05/24 14:14:00,A,GE7,PC,TOTAL,M,PT,2016,10.8,
ESTAT:TESSI080(1.0),24/05/24 14:14:00,A,GE7,PC,TOTAL,M,PT,2017,9.5,
ESTAT:TESSI080(1.0),24/05/24 14:14:00,A,GE7,PC,TOTAL,M,PT,2018,7.6,
ESTAT:TESSI080(1.0),24/05/24 14:14:00,A,GE7,PC,TOTAL,M,PT,2019,6.7,
ESTAT:TESSI080(1.0),24/05/24 14:14:00,A,GE7,PC,TOTAL,M,PT,2020,6.8,
ESTAT:TESSI080(1.0),24/05/24 14:14:00,A,GE7,PC,TOTAL,M,PT,2021,7.1,
ESTAT:TESSI080(1.0),24/05/24 14:14:00,A,GE7,PC,TOTAL,M,PT,2022,6.4,
ESTAT:TESSI080(1.0),24/05/24 14:14:00,A,GE7,PC,TOTAL,M,PT,2023,5.9,
ESTAT:TESSI080(1.0),24/05/24 14:14:00,A,GE7,PC,TOTAL,M,RO,2015,35.1,
ESTAT:TESSI080(1.0),24/05/24 14:14:00,A,GE7,PC,TOTAL,M,RO,2016,35.8,
ESTAT:TESSI080(1.0),24/05/24 14:14:00,A,GE7,PC,TOTAL,M,RO,2017,34.5,
ESTAT:TESSI080(1.0),24/05/24 14:14:00,A,GE7,PC,TOTAL,M,RO,2018,30.0,
ESTAT:TESSI080(1.0),24/05/24 14:14:00,A,GE7,PC,TOTAL,M,RO,2019,27.5,
ESTAT:TESSI080(1.0),24/05/24 14:14:00,A,GE7,PC,TOTAL,M,RO,2020,27.8,
ESTAT:TESSI080(1.0),24/05/24 14:14:00,A,GE7,PC,TOTAL,M,RO,2021,28.5,
ESTAT:TESSI080(1.0),24/05/24 14:14:00,A,GE7,PC,TOTAL,M,RO,2022,28.4,
ESTAT:TESSI080(1.0),24/05/24 14:14:00,A,GE7,PC,TOTAL,M,RO,2023,25.5,
ESTAT:TESSI080(1.0),24/05/24 14:14:00,A,GE7,PC,TOTAL,M,RS,2015,25.7,
ESTAT:TESSI080(1.0),24/05/24 14:14:00,A,GE7,PC,TOTAL,M,RS,2017,23.4,
ESTAT:TESSI080(1.0),24/05/24 14:14:00,A,GE7,PC,TOTAL,M,RS,2018,19.0,
ESTAT:TESSI080(1.0),24/05/24 14:14:00,A,GE7,PC,TOTAL,M,RS,2019,17.0,
ESTAT:TESSI080(1.0),24/05/24 14:14:00,A,GE7,PC,TOTAL,M,RS,2020,16.8,
ESTAT:TESSI080(1.0),24/05/24 14:14:00,A,GE7,PC,TOTAL,M,RS,2021,16.2,
ESTAT:TESSI080(1.0),24/05/24 14:14:00,A,GE7,PC,TOTAL,M,RS,2022,15.5,
ESTAT:TESSI080(1.0),24/05/24 14:14:00,A,GE7,PC,TOTAL,M,SE,2015,1.0,b
ESTAT:TESSI080(1.0),24/05/24 14:14:00,A,GE7,PC,TOTAL,M,SE,2016,1.0,
ESTAT:TESSI080(1.0),24/05/24 14:14:00,A,GE7,PC,TOTAL,M,SE,2017,1.0,
ESTAT:TESSI080(1.0),24/05/24 14:14:00,A,GE7,PC,TOTAL,M,SE,2018,0.8,
ESTAT:TESSI080(1.0),24/05/24 14:14:00,A,GE7,PC,TOTAL,M,SE,2019,0.9,
ESTAT:TESSI080(1.0),24/05/24 14:14:00,A,GE7,PC,TOTAL,M,SE,2020,1.3,
ESTAT:TESSI080(1.0),24/05/24 14:14:00,A,GE7,PC,TOTAL,M,SE,2021,1.1,
ESTAT:TESSI080(1.0),24/05/24 14:14:00,A,GE7,PC,TOTAL,M,SE,2022,1.6,
ESTAT:TESSI080(1.0),24/05/24 14:14:00,A,GE7,PC,TOTAL,M,SE,2023,1.9,
ESTAT:TESSI080(1.0),24/05/24 14:14:00,A,GE7,PC,TOTAL,M,SI,2015,5.3,
ESTAT:TESSI080(1.0),24/05/24 14:14:00,A,GE7,PC,TOTAL,M,SI,2016,4.2,
ESTAT:TESSI080(1.0),24/05/24 14:14:00,A,GE7,PC,TOTAL,M,SI,2017,4.7,
ESTAT:TESSI080(1.0),24/05/24 14:14:00,A,GE7,PC,TOTAL,M,SI,2018,3.7,
ESTAT:TESSI080(1.0),24/05/24 14:14:00,A,GE7,PC,TOTAL,M,SI,2019,2.7,
ESTAT:TESSI080(1.0),24/05/24 14:14:00,A,GE7,PC,TOTAL,M,SI,2020,3.1,
ESTAT:TESSI080(1.0),24/05/24 14:14:00,A,GE7,PC,TOTAL,M,SI,2021,2.9,
ESTAT:TESSI080(1.0),24/05/24 14:14:00,A,GE7,PC,TOTAL,M,SI,2022,2.2,
ESTAT:TESSI080(1.0),24/05/24 14:14:00,A,GE7,PC,TOTAL,M,SI,2023,2.5,
ESTAT:TESSI080(1.0),24/05/24 14:14:00,A,GE7,PC,TOTAL,M,SK,2015,12.1,
ESTAT:TESSI080(1.0),24/05/24 14:14:00,A,GE7,PC,TOTAL,M,SK,2016,11.9,
ESTAT:TESSI080(1.0),24/05/24 14:14:00,A,GE7,PC,TOTAL,M,SK,2017,10.4,
ESTAT:TESSI080(1.0),24/05/24 14:14:00,A,GE7,PC,TOTAL,M,SK,2018,8.4,
ESTAT:TESSI080(1.0),24/05/24 14:14:00,A,GE7,PC,TOTAL,M,SK,2019,8.0,
ESTAT:TESSI080(1.0),24/05/24 14:14:00,A,GE7,PC,TOTAL,M,SK,2020,7.3,
ESTAT:TESSI080(1.0),24/05/24 14:14:00,A,GE7,PC,TOTAL,M,SK,2021,6.8,
ESTAT:TESSI080(1.0),24/05/24 14:14:00,A,GE7,PC,TOTAL,M,SK,2022,6.4,
ESTAT:TESSI080(1.0),24/05/24 14:14:00,A,GE7,PC,TOTAL,M,SK,2023,8.1,
ESTAT:TESSI080(1.0),24/05/24 14:14:00,A,GE7,PC,TOTAL,M,TR,2015,3.7,
ESTAT:TESSI080(1.0),24/05/24 14:14:00,A,GE7,PC,TOTAL,M,TR,2016,4.5,
ESTAT:TESSI080(1.0),24/05/24 14:14:00,A,GE7,PC,TOTAL,M,TR,2017,19.7,
ESTAT:TESSI080(1.0),24/05/24 14:14:00,A,GE7,PC,TOTAL,M,TR,2018,18.5,
ESTAT:TESSI080(1.0),24/05/24 14:14:00,A,GE7,PC,TOTAL,M,TR,2019,18.4,
ESTAT:TESSI080(1.0),24/05/24 14:14:00,A,GE7,PC,TOTAL,M,TR,2020,19.3,
ESTAT:TESSI080(1.0),24/05/24 14:14:00,A,GE7,PC,TOTAL,M,TR,2021,22.4,
ESTAT:TESSI080(1.0),24/05/24 14:14:00,A,GE7,PC,TOTAL,M,UK,2015,5.4,
ESTAT:TESSI080(1.0),24/05/24 14:14:00,A,GE7,PC,TOTAL,M,UK,2016,4.7,
ESTAT:TESSI080(1.0),24/05/24 14:14:00,A,GE7,PC,TOTAL,M,UK,2017,4.2,bu
ESTAT:TESSI080(1.0),24/05/24 14:14:00,A,GE7,PC,TOTAL,M,UK,2018,3.9,
ESTAT:TESSI080(1.0),24/05/24 14:14:00,A,GE7,PC,TOTAL,T,AL,2017,39.4,
ESTAT:TESSI080(1.0),24/05/24 14:14:00,A,GE7,PC,TOTAL,T,AL,2018,36.3,
ESTAT:TESSI080(1.0),24/05/24 14:14:00,A,GE7,PC,TOTAL,T,AL,2019,32.9,
ESTAT:TESSI080(1.0),24/05/24 14:14:00,A,GE7,PC,TOTAL,T,AL,2020,30.2,
ESTAT:TESSI080(1.0),24/05/24 14:14:00,A,GE7,PC,TOTAL,T,AL,2021,29.7,
ESTAT:TESSI080(1.0),24/05/24 14:14:00,A,GE7,PC,TOTAL,T,AT,2015,3.5,
ESTAT:TESSI080(1.0),24/05/24 14:14:00,A,GE7,PC,TOTAL,T,AT,2016,3.7,
ESTAT:TESSI080(1.0),24/05/24 14:14:00,A,GE7,PC,TOTAL,T,AT,2017,3.4,
ESTAT:TESSI080(1.0),24/05/24 14:14:00,A,GE7,PC,TOTAL,T,AT,2018,3.0,
ESTAT:TESSI080(1.0),24/05/24 14:14:00,A,GE7,PC,TOTAL,T,AT,2019,2.9,
ESTAT:TESSI080(1.0),24/05/24 14:14:00,A,GE7,PC,TOTAL,T,AT,2020,2.8,
ESTAT:TESSI080(1.0),24/05/24 14:14:00,A,GE7,PC,TOTAL,T,AT,2021,2.2,
ESTAT:TESSI080(1.0),24/05/24 14:14:00,A,GE7,PC,TOTAL,T,AT,2022,2.9,
ESTAT:TESSI080(1.0),24/05/24 14:14:00,A,GE7,PC,TOTAL,T,AT,2023,4.0,
ESTAT:TESSI080(1.0),24/05/24 14:14:00,A,GE7,PC,TOTAL,T,BE,2015,6.8,
ESTAT:TESSI080(1.0),24/05/24 14:14:00,A,GE7,PC,TOTAL,T,BE,2016,7.7,
ESTAT:TESSI080(1.0),24/05/24 14:14:00,A,GE7,PC,TOTAL,T,BE,2017,6.9,
ESTAT:TESSI080(1.0),24/05/24 14:14:00,A,GE7,PC,TOTAL,T,BE,2018,6.2,
ESTAT:TESSI080(1.0),24/05/24 14:14:00,A,GE7,PC,TOTAL,T,BE,2019,6.0,b
ESTAT:TESSI080(1.0),24/05/24 14:14:00,A,GE7,PC,TOTAL,T,BE,2020,6.3,
ESTAT:TESSI080(1.0),24/05/24 14:14:00,A,GE7,PC,TOTAL,T,BE,2021,6.4,
ESTAT:TESSI080(1.0),24/05/24 14:14:00,A,GE7,PC,TOTAL,T,BE,2022,5.7,
ESTAT:TESSI080(1.0),24/05/24 14:14:00,A,GE7,PC,TOTAL,T,BE,2023,6.0,
ESTAT:TESSI080(1.0),24/05/24 14:14:00,A,GE7,PC,TOTAL,T,BG,2015,41.8,
ESTAT:TESSI080(1.0),24/05/24 14:14:00,A,GE7,PC,TOTAL,T,BG,2016,40.2,b
ESTAT:TESSI080(1.0),24/05/24 14:14:00,A,GE7,PC,TOTAL,T,BG,2017,37.0,
ESTAT:TESSI080(1.0),24/05/24 14:14:00,A,GE7,PC,TOTAL,T,BG,2018,29.5,
ESTAT:TESSI080(1.0),24/05/24 14:14:00,A,GE7,PC,TOTAL,T,BG,2019,28.7,
ESTAT:TESSI080(1.0),24/05/24 14:14:00,A,GE7,PC,TOTAL,T,BG,2020,29.4,
ESTAT:TESSI080(1.0),24/05/24 14:14:00,A,GE7,PC,TOTAL,T,BG,2021,27.9,
ESTAT:TESSI080(1.0),24/05/24 14:14:00,A,GE7,PC,TOTAL,T,BG,2022,27.7,
ESTAT:TESSI080(1.0),24/05/24 14:14:00,A,GE7,PC,TOTAL,T,BG,2023,27.8,
ESTAT:TESSI080(1.0),24/05/24 14:14:00,A,GE7,PC,TOTAL,T,CH,2015,1.8,
ESTAT:TESSI080(1.0),24/05/24 14:14:00,A,GE7,PC,TOTAL,T,CH,2016,1.6,
ESTAT:TESSI080(1.0),24/05/24 14:14:00,A,GE7,PC,TOTAL,T,CH,2017,1.4,
ESTAT:TESSI080(1.0),24/05/24 14:14:00,A,GE7,PC,TOTAL,T,CH,2018,1.9,
ESTAT:TESSI080(1.0),24/05/24 14:14:00,A,GE7,PC,TOTAL,T,CH,2019,2.2,
ESTAT:TESSI080(1.0),24/05/24 14:14:00,A,GE7,PC,TOTAL,T,CH,2020,1.6,
ESTAT:TESSI080(1.0),24/05/24 14:14:00,A,GE7,PC,TOTAL,T,CH,2021,1.8,
ESTAT:TESSI080(1.0),24/05/24 14:14:00,A,GE7,PC,TOTAL,T,CH,2022,1.5,
ESTAT:TESSI080(1.0),24/05/24 14:14:00,A,GE7,PC,TOTAL,T,CY,2015,11.7,
ESTAT:TESSI080(1.0),24/05/24 14:14:00,A,GE7,PC,TOTAL,T,CY,2016,9.7,
ESTAT:TESSI080(1.0),24/05/24 14:14:00,A,GE7,PC,TOTAL,T,CY,2017,8.9,
ESTAT:TESSI080(1.0),24/05/24 14:14:00,A,GE7,PC,TOTAL,T,CY,2018,5.2,
ESTAT:TESSI080(1.0),24/05/24 14:14:00,A,GE7,PC,TOTAL,T,CY,2019,4.5,
ESTAT:TESSI080(1.0),24/05/24 14:14:00,A,GE7,PC,TOTAL,T,CY,2020,4.8,
ESTAT:TESSI080(1.0),24/05/24 14:14:00,A,GE7,PC,TOTAL,T,CY,2021,5.2,
ESTAT:TESSI080(1.0),24/05/24 14:14:00,A,GE7,PC,TOTAL,T,CY,2022,3.8,
ESTAT:TESSI080(1.0),24/05/24 14:14:00,A,GE7,PC,TOTAL,T,CZ,2015,8.0,
ESTAT:TESSI080(1.0),24/05/24 14:14:00,A,GE7,PC,TOTAL,T,CZ,2016,6.5,
ESTAT:TESSI080(1.0),24/05/24 14:14:00,A,GE7,PC,TOTAL,T,CZ,2017,6.2,
ESTAT:TESSI080(1.0),24/05/24 14:14:00,A,GE7,PC,TOTAL,T,CZ,2018,5.2,
ESTAT:TESSI080(1.0),24/05/24 14:14:00,A,GE7,PC,TOTAL,T,CZ,2019,4.3,
ESTAT:TESSI080(1.0),24/05/24 14:14:00,A,GE7,PC,TOTAL,T,CZ,2020,4.0,
ESTAT:TESSI080(1.0),24/05/24 14:14:00,A,GE7,PC,TOTAL,T,CZ,2021,4.3,
ESTAT:TESSI080(1.0),24/05/24 14:14:00,A,GE7,PC,TOTAL,T,CZ,2022,3.8,
ESTAT:TESSI080(1.0),24/05/24 14:14:00,A,GE7,PC,TOTAL,T,CZ,2023,5.0,
ESTAT:TESSI080(1.0),24/05/24 14:14:00,A,GE7,PC,TOTAL,T,DE,2015,6.3,
ESTAT:TESSI080(1.0),24/05/24 14:14:00,A,GE7,PC,TOTAL,T,DE,2016,5.2,
ESTAT:TESSI080(1.0),24/05/24 14:14:00,A,GE7,PC,TOTAL,T,DE,2017,4.4,
ESTAT:TESSI080(1.0),24/05/24 14:14:00,A,GE7,PC,TOTAL,T,DE,2018,3.8,
ESTAT:TESSI080(1.0),24/05/24 14:14:00,A,GE7,PC,TOTAL,T,DE,2019,3.4,
ESTAT:TESSI080(1.0),24/05/24 14:14:00,A,GE7,PC,TOTAL,T,DE,2020,6.5,b
ESTAT:TESSI080(1.0),24/05/24 14:14:00,A,GE7,PC,TOTAL,T,DE,2021,6.9,
ESTAT:TESSI080(1.0),24/05/24 14:14:00,A,GE7,PC,TOTAL,T,DE,2022,8.4,
ESTAT:TESSI080(1.0),24/05/24 14:14:00,A,GE7,PC,TOTAL,T,DE,2023,9.3,
ESTAT:TESSI080(1.0),24/05/24 14:14:00,A,GE7,PC,TOTAL,T,DK,2015,2.8,
ESTAT:TESSI080(1.0),24/05/24 14:14:00,A,GE7,PC,TOTAL,T,DK,2016,2.4,
ESTAT:TESSI080(1.0),24/05/24 14:14:00,A,GE7,PC,TOTAL,T,DK,2017,3.2,
ESTAT:TESSI080(1.0),24/05/24 14:14:00,A,GE7,PC,TOTAL,T,DK,2018,2.9,
ESTAT:TESSI080(1.0),24/05/24 14:14:00,A,GE7,PC,TOTAL,T,DK,2019,3.0,u
ESTAT:TESSI080(1.0),24/05/24 14:14:00,A,GE7,PC,TOTAL,T,DK,2020,2.9,
ESTAT:TESSI080(1.0),24/05/24 14:14:00,A,GE7,PC,TOTAL,T,DK,2021,3.3,
ESTAT:TESSI080(1.0),24/05/24 14:14:00,A,GE7,PC,TOTAL,T,DK,2022,3.4,
ESTAT:TESSI080(1.0),24/05/24 14:14:00,A,GE7,PC,TOTAL,T,DK,2023,4.5,
ESTAT:TESSI080(1.0),24/05/24 14:14:00,A,GE7,PC,TOTAL,T,EA20,2015,10.0,
ESTAT:TESSI080(1.0),24/05/24 14:14:00,A,GE7,PC,TOTAL,T,EA20,2016,9.5,
ESTAT:TESSI080(1.0),24/05/24 14:14:00,A,GE7,PC,TOTAL,T,EA20,2017,8.3,
ESTAT:TESSI080(1.0),24/05/24 14:14:00,A,GE7,PC,TOTAL,T,EA20,2018,7.7,
ESTAT:TESSI080(1.0),24/05/24 14:14:00,A,GE7,PC,TOTAL,T,EA20,2019,7.2,
ESTAT:TESSI080(1.0),24/05/24 14:14:00,A,GE7,PC,TOTAL,T,EA20,2020,8.0,
ESTAT:TESSI080(1.0),24/05/24 14:14:00,A,GE7,PC,TOTAL,T,EA20,2021,7.9,
ESTAT:TESSI080(1.0),24/05/24 14:14:00,A,GE7,PC,TOTAL,T,EA20,2022,8.0,
ESTAT:TESSI080(1.0),24/05/24 14:14:00,A,GE7,PC,TOTAL,T,EE,2015,7.5,
ESTAT:TESSI080(1.0),24/05/24 14:14:00,A,GE7,PC,TOTAL,T,EE,2016,5.6,
ESTAT:TESSI080(1.0),24/05/24 14:14:00,A,GE7,PC,TOTAL,T,EE,2017,7.7,
ESTAT:TESSI080(1.0),24/05/24 14:14:00,A,GE7,PC,TOTAL,T,EE,2018,6.5,
ESTAT:TESSI080(1.0),24/05/24 14:14:00,A,GE7,PC,TOTAL,T,EE,2019,5.5,
ESTAT:TESSI080(1.0),24/05/24 14:14:00,A,GE7,PC,TOTAL,T,EE,2020,5.1,
ESTAT:TESSI080(1.0),24/05/24 14:14:00,A,GE7,PC,TOTAL,T,EE,2021,4.8,
ESTAT:TESSI080(1.0),24/05/24 14:14:00,A,GE7,PC,TOTAL,T,EE,2022,5.6,
ESTAT:TESSI080(1.0),24/05/24 14:14:00,A,GE7,PC,TOTAL,T,EE,2023,4.7,
ESTAT:TESSI080(1.0),24/05/24 14:14:00,A,GE7,PC,TOTAL,T,EL,2015,24.6,
ESTAT:TESSI080(1.0),24/05/24 14:14:00,A,GE7,PC,TOTAL,T,EL,2016,25.3,
ESTAT:TESSI080(1.0),24/05/24 14:14:00,A,GE7,PC,TOTAL,T,EL,2017,22.8,
ESTAT:TESSI080(1.0),24/05/24 14:14:00,A,GE7,PC,TOTAL,T,EL,2018,19.7,
ESTAT:TESSI080(1.0),24/05/24 14:14:00,A,GE7,PC,TOTAL,T,EL,2019,18.5,
ESTAT:TESSI080(1.0),24/05/24 14:14:00,A,GE7,PC,TOTAL,T,EL,2020,18.7,
ESTAT:TESSI080(1.0),24/05/24 14:14:00,A,GE7,PC,TOTAL,T,EL,2021,17.3,
ESTAT:TESSI080(1.0),24/05/24 14:14:00,A,GE7,PC,TOTAL,T,EL,2022,17.9,
ESTAT:TESSI080(1.0),24/05/24 14:14:00,A,GE7,PC,TOTAL,T,EL,2023,17.6,
ESTAT:TESSI080(1.0),24/05/24 14:14:00,A,GE7,PC,TOTAL,T,ES,2015,9.3,
ESTAT:TESSI080(1.0),24/05/24 14:14:00,A,GE7,PC,TOTAL,T,ES,2016,9.3,
ESTAT:TESSI080(1.0),24/05/24 14:14:00,A,GE7,PC,TOTAL,T,ES,2017,9.1,
ESTAT:TESSI080(1.0),24/05/24 14:14:00,A,GE7,PC,TOTAL,T,ES,2018,9.1,
ESTAT:TESSI080(1.0),24/05/24 14:14:00,A,GE7,PC,TOTAL,T,ES,2019,8.4,
ESTAT:TESSI080(1.0),24/05/24 14:14:00,A,GE7,PC,TOTAL,T,ES,2020,10.7,
ESTAT:TESSI080(1.0),24/05/24 14:14:00,A,GE7,PC,TOTAL,T,ES,2021,9.8,
ESTAT:TESSI080(1.0),24/05/24 14:14:00,A,GE7,PC,TOTAL,T,ES,2022,9.2,
ESTAT:TESSI080(1.0),24/05/24 14:14:00,A,GE7,PC,TOTAL,T,ES,2023,10.1,
ESTAT:TESSI080(1.0),24/05/24 14:14:00,A,GE7,PC,TOTAL,T,EU27_2020,2015,12.0,
ESTAT:TESSI080(1.0),24/05/24 14:14:00,A,GE7,PC,TOTAL,T,EU27_2020,2016,11.2,
ESTAT:TESSI080(1.0),24/05/24 14:14:00,A,GE7,PC,TOTAL,T,EU27_2020,2017,10.0,
ESTAT:TESSI080(1.0),24/05/24 14:14:00,A,GE7,PC,TOTAL,T,EU27_2020,2018,9.0,
ESTAT:TESSI080(1.0),24/05/24 14:14:00,A,GE7,PC,TOTAL,T,EU27_2020,2019,8.4,
ESTAT:TESSI080(1.0),24/05/24 14:14:00,A,GE7,PC,TOTAL,T,EU27_2020,2020,9.0,
ESTAT:TESSI080(1.0),24/05/24 14:14:00,A,GE7,PC,TOTAL,T,EU27_2020,2021,8.9,
ESTAT:TESSI080(1.0),24/05/24 14:14:00,A,GE7,PC,TOTAL,T,EU27_2020,2022,8.8,
ESTAT:TESSI080(1.0),24/05/24 14:14:00,A,GE7,PC,TOTAL,T,FI,2015,1.8,
ESTAT:TESSI080(1.0),24/05/24 14:14:00,A,GE7,PC,TOTAL,T,FI,2016,2.1,u
ESTAT:TESSI080(1.0),24/05/24 14:14:00,A,GE7,PC,TOTAL,T,FI,2017,2.3,u
ESTAT:TESSI080(1.0),24/05/24 14:14:00,A,GE7,PC,TOTAL,T,FI,2018,2.5,
ESTAT:TESSI080(1.0),24/05/24 14:14:00,A,GE7,PC,TOTAL,T,FI,2019,2.2,
ESTAT:TESSI080(1.0),24/05/24 14:14:00,A,GE7,PC,TOTAL,T,FI,2020,2.4,
ESTAT:TESSI080(1.0),24/05/24 14:14:00,A,GE7,PC,TOTAL,T,FI,2021,2.3,
ESTAT:TESSI080(1.0),24/05/24 14:14:00,A,GE7,PC,TOTAL,T,FI,2022,2.7,
ESTAT:TESSI080(1.0),24/05/24 14:14:00,A,GE7,PC,TOTAL,T,FI,2023,3.4,
ESTAT:TESSI080(1.0),24/05/24 14:14:00,A,GE7,PC,TOTAL,T,FR,2015,6.5,
ESTAT:TESSI080(1.0),24/05/24 14:14:00,A,GE7,PC,TOTAL,T,FR,2016,6.4,
ESTAT:TESSI080(1.0),24/05/24 14:14:00,A,GE7,PC,TOTAL,T,FR,2017,6.1,
ESTAT:TESSI080(1.0),24/05/24 14:14:00,A,GE7,PC,TOTAL,T,FR,2018,5.9,
ESTAT:TESSI080(1.0),24/05/24 14:14:00,A,GE7,PC,TOTAL,T,FR,2019,6.5,
ESTAT:TESSI080(1.0),24/05/24 14:14:00,A,GE7,PC,TOTAL,T,FR,2020,6.6,b
ESTAT:TESSI080(1.0),24/05/24 14:14:00,A,GE7,PC,TOTAL,T,FR,2021,7.0,
ESTAT:TESSI080(1.0),24/05/24 14:14:00,A,GE7,PC,TOTAL,T,FR,2022,7.5,b
ESTAT:TESSI080(1.0),24/05/24 14:14:00,A,GE7,PC,TOTAL,T,HR,2015,18.0,
ESTAT:TESSI080(1.0),24/05/24 14:14:00,A,GE7,PC,TOTAL,T,HR,2016,15.4,
ESTAT:TESSI080(1.0),24/05/24 14:14:00,A,GE7,PC,TOTAL,T,HR,2017,14.3,
ESTAT:TESSI080(1.0),24/05/24 14:14:00,A,GE7,PC,TOTAL,T,HR,2018,13.0,
ESTAT:TESSI080(1.0),24/05/24 14:14:00,A,GE7,PC,TOTAL,T,HR,2019,11.2,
ESTAT:TESSI080(1.0),24/05/24 14:14:00,A,GE7,PC,TOTAL,T,HR,2020,11.3,
ESTAT:TESSI080(1.0),24/05/24 14:14:00,A,GE7,PC,TOTAL,T,HR,2021,11.0,
ESTAT:TESSI080(1.0),24/05/24 14:14:00,A,GE7,PC,TOTAL,T,HR,2022,9.6,
ESTAT:TESSI080(1.0),24/05/24 14:14:00,A,GE7,PC,TOTAL,T,HR,2023,7.6,b
ESTAT:TESSI080(1.0),24/05/24 14:14:00,A,GE7,PC,TOTAL,T,HU,2015,29.1,
ESTAT:TESSI080(1.0),24/05/24 14:14:00,A,GE7,PC,TOTAL,T,HU,2016,24.6,
ESTAT:TESSI080(1.0),24/05/24 14:14:00,A,GE7,PC,TOTAL,T,HU,2017,20.2,
ESTAT:TESSI080(1.0),24/05/24 14:14:00,A,GE7,PC,TOTAL,T,HU,2018,15.6,
ESTAT:TESSI080(1.0),24/05/24 14:14:00,A,GE7,PC,TOTAL,T,HU,2019,14.2,
ESTAT:TESSI080(1.0),24/05/24 14:14:00,A,GE7,PC,TOTAL,T,HU,2020,13.6,
ESTAT:TESSI080(1.0),24/05/24 14:14:00,A,GE7,PC,TOTAL,T,HU,2021,14.1,
ESTAT:TESSI080(1.0),24/05/24 14:14:00,A,GE7,PC,TOTAL,T,HU,2022,13.4,
ESTAT:TESSI080(1.0),24/05/24 14:14:00,A,GE7,PC,TOTAL,T,HU,2023,14.7,
ESTAT:TESSI080(1.0),24/05/24 14:14:00,A,GE7,PC,TOTAL,T,IE,2015,5.5,
ESTAT:TESSI080(1.0),24/05/24 14:14:00,A,GE7,PC,TOTAL,T,IE,2016,4.5,
ESTAT:TESSI080(1.0),24/05/24 14:14:00,A,GE7,PC,TOTAL,T,IE,2017,4.0,
ESTAT:TESSI080(1.0),24/05/24 14:14:00,A,GE7,PC,TOTAL,T,IE,2018,3.1,
ESTAT:TESSI080(1.0),24/05/24 14:14:00,A,GE7,PC,TOTAL,T,IE,2019,3.8,
ESTAT:TESSI080(1.0),24/05/24 14:14:00,A,GE7,PC,TOTAL,T,IE,2020,3.6,b
ESTAT:TESSI080(1.0),24/05/24 14:14:00,A,GE7,PC,TOTAL,T,IE,2021,4.6,
ESTAT:TESSI080(1.0),24/05/24 14:14:00,A,GE7,PC,TOTAL,T,IE,2022,5.5,
ESTAT:TESSI080(1.0),24/05/24 14:14:00,A,GE7,PC,TOTAL,T,IS,2015,1.3,
ESTAT:TESSI080(1.0),24/05/24 14:14:00,A,GE7,PC,TOTAL,T,IS,2016,1.0,
ESTAT:TESSI080(1.0),24/05/24 14:14:00,A,GE7,PC,TOTAL,T,IS,2017,1.2,
ESTAT:TESSI080(1.0),24/05/24 14:14:00,A,GE7,PC,TOTAL,T,IS,2018,0.8,
ESTAT:TESSI080(1.0),24/05/24 14:14:00,A,GE7,PC,TOTAL,T,IS,2019,0.7,u
ESTAT:TESSI080(1.0),24/05/24 14:14:00,A,GE7,PC,TOTAL,T,IT,2015,18.7,
ESTAT:TESSI080(1.0),24/05/24 14:14:00,A,GE7,PC,TOTAL,T,IT,2016,17.8,
ESTAT:TESSI080(1.0),24/05/24 14:14:00,A,GE7,PC,TOTAL,T,IT,2017,14.1,
ESTAT:TESSI080(1.0),24/05/24 14:14:00,A,GE7,PC,TOTAL,T,IT,2018,13.3,
ESTAT:TESSI080(1.0),24/05/24 14:14:00,A,GE7,PC,TOTAL,T,IT,2019,11.9,
ESTAT:TESSI080(1.0),24/05/24 14:14:00,A,GE7,PC,TOTAL,T,IT,2020,10.9,
ESTAT:TESSI080(1.0),24/05/24 14:14:00,A,GE7,PC,TOTAL,T,IT,2021,10.0,
ESTAT:TESSI080(1.0),24/05/24 14:14:00,A,GE7,PC,TOTAL,T,IT,2022,8.9,
ESTAT:TESSI080(1.0),24/05/24 14:14:00,A,GE7,PC,TOTAL,T,LT,2015,22.1,
ESTAT:TESSI080(1.0),24/05/24 14:14:00,A,GE7,PC,TOTAL,T,LT,2016,22.3,
ESTAT:TESSI080(1.0),24/05/24 14:14:00,A,GE7,PC,TOTAL,T,LT,2017,22.1,
ESTAT:TESSI080(1.0),24/05/24 14:14:00,A,GE7,PC,TOTAL,T,LT,2018,20.3,
ESTAT:TESSI080(1.0),24/05/24 14:14:00,A,GE7,PC,TOTAL,T,LT,2019,17.9,
ESTAT:TESSI080(1.0),24/05/24 14:14:00,A,GE7,PC,TOTAL,T,LT,2020,16.2,
ESTAT:TESSI080(1.0),24/05/24 14:14:00,A,GE7,PC,TOTAL,T,LT,2021,15.0,
ESTAT:TESSI080(1.0),24/05/24 14:14:00,A,GE7,PC,TOTAL,T,LT,2022,13.6,
ESTAT:TESSI080(1.0),24/05/24 14:14:00,A,GE7,PC,TOTAL,T,LU,2015,2.8,
ESTAT:TESSI080(1.0),24/05/24 14:14:00,A,GE7,PC,TOTAL,T,LU,2016,2.2,b
ESTAT:TESSI080(1.0),24/05/24 14:14:00,A,GE7,PC,TOTAL,T,LU,2017,1.8,
ESTAT:TESSI080(1.0),24/05/24 14:14:00,A,GE7,PC,TOTAL,T,LU,2018,1.7,u
ESTAT:TESSI080(1.0),24/05/24 14:14:00,A,GE7,PC,TOTAL,T,LU,2019,1.5,u
ESTAT:TESSI080(1.0),24/05/24 14:14:00,A,GE7,PC,TOTAL,T,LU,2020,1.8,b
ESTAT:TESSI080(1.0),24/05/24 14:14:00,A,GE7,PC,TOTAL,T,LU,2021,2.7,b
ESTAT:TESSI080(1.0),24/05/24 14:14:00,A,GE7,PC,TOTAL,T,LU,2022,1.7,b
ESTAT:TESSI080(1.0),24/05/24 14:14:00,A,GE7,PC,TOTAL,T,LV,2015,20.6,
ESTAT:TESSI080(1.0),24/05/24 14:14:00,A,GE7,PC,TOTAL,T,LV,2016,18.1,
ESTAT:TESSI080(1.0),24/05/24 14:14:00,A,GE7,PC,TOTAL,T,LV,2017,18.2,
ESTAT:TESSI080(1.0),24/05/24 14:14:00,A,GE7,PC,TOTAL,T,LV,2018,15.5,
ESTAT:TESSI080(1.0),24/05/24 14:14:00,A,GE7,PC,TOTAL,T,LV,2019,12.2,
ESTAT:TESSI080(1.0),24/05/24 14:14:00,A,GE7,PC,TOTAL,T,LV,2020,11.1,
ESTAT:TESSI080(1.0),24/05/24 14:14:00,A,GE7,PC,TOTAL,T,LV,2021,11.1,
ESTAT:TESSI080(1.0),24/05/24 14:14:00,A,GE7,PC,TOTAL,T,LV,2022,11.1,
ESTAT:TESSI080(1.0),24/05/24 14:14:00,A,GE7,PC,TOTAL,T,LV,2023,10.4,
ESTAT:TESSI080(1.0),24/05/24 14:14:00,A,GE7,PC,TOTAL,T,ME,2022,21.8,
ESTAT:TESSI080(1.0),24/05/24 14:14:00,A,GE7,PC,TOTAL,T,MK,2015,37.0,
ESTAT:TESSI080(1.0),24/05/24 14:14:00,A,GE7,PC,TOTAL,T,MK,2016,34.4,
ESTAT:TESSI080(1.0),24/05/24 14:14:00,A,GE7,PC,TOTAL,T,MK,2017,31.5,
ESTAT:TESSI080(1.0),24/05/24 14:14:00,A,GE7,PC,TOTAL,T,MK,2018,28.6,
ESTAT:TESSI080(1.0),24/05/24 14:14:00,A,GE7,PC,TOTAL,T,MK,2019,28.8,
ESTAT:TESSI080(1.0),24/05/24 14:14:00,A,GE7,PC,TOTAL,T,MK,2020,28.0,
ESTAT:TESSI080(1.0),24/05/24 14:14:00,A,GE7,PC,TOTAL,T,MT,2015,10.9,
ESTAT:TESSI080(1.0),24/05/24 14:14:00,A,GE7,PC,TOTAL,T,MT,2016,7.3,
ESTAT:TESSI080(1.0),24/05/24 14:14:00,A,GE7,PC,TOTAL,T,MT,2017,5.9,
ESTAT:TESSI080(1.0),24/05/24 14:14:00,A,GE7,PC,TOTAL,T,MT,2018,6.7,
ESTAT:TESSI080(1.0),24/05/24 14:14:00,A,GE7,PC,TOTAL,T,MT,2019,6.5,
ESTAT:TESSI080(1.0),24/05/24 14:14:00,A,GE7,PC,TOTAL,T,MT,2020,7.9,
ESTAT:TESSI080(1.0),24/05/24 14:14:00,A,GE7,PC,TOTAL,T,MT,2021,7.9,
ESTAT:TESSI080(1.0),24/05/24 14:14:00,A,GE7,PC,TOTAL,T,MT,2022,6.6,
ESTAT:TESSI080(1.0),24/05/24 14:14:00,A,GE7,PC,TOTAL,T,NL,2015,2.6,
ESTAT:TESSI080(1.0),24/05/24 14:14:00,A,GE7,PC,TOTAL,T,NL,2016,2.3,bu
ESTAT:TESSI080(1.0),24/05/24 14:14:00,A,GE7,PC,TOTAL,T,NL,2017,2.0,u
ESTAT:TESSI080(1.0),24/05/24 14:14:00,A,GE7,PC,TOTAL,T,NL,2018,2.4,
ESTAT:TESSI080(1.0),24/05/24 14:14:00,A,GE7,PC,TOTAL,T,NL,2019,2.4,
ESTAT:TESSI080(1.0),24/05/24 14:14:00,A,GE7,PC,TOTAL,T,NL,2020,2.1,
ESTAT:TESSI080(1.0),24/05/24 14:14:00,A,GE7,PC,TOTAL,T,NL,2021,2.6,
ESTAT:TESSI080(1.0),24/05/24 14:14:00,A,GE7,PC,TOTAL,T,NL,2022,2.6,
ESTAT:TESSI080(1.0),24/05/24 14:14:00,A,GE7,PC,TOTAL,T,NL,2023,2.7,
ESTAT:TESSI080(1.0),24/05/24 14:14:00,A,GE7,PC,TOTAL,T,NO,2015,1.1,
ESTAT:TESSI080(1.0),24/05/24 14:14:00,A,GE7,PC,TOTAL,T,NO,2017,1.3,
ESTAT:TESSI080(1.0),24/05/24 14:14:00,A,GE7,PC,TOTAL,T,NO,2018,1.3,
ESTAT:TESSI080(1.0),24/05/24 14:14:00,A,GE7,PC,TOTAL,T,NO,2019,1.3,
ESTAT:TESSI080(1.0),24/05/24 14:14:00,A,GE7,PC,TOTAL,T,NO,2020,1.6,
ESTAT:TESSI080(1.0),24/05/24 14:14:00,A,GE7,PC,TOTAL,T,NO,2021,1.6,b
ESTAT:TESSI080(1.0),24/05/24 14:14:00,A,GE7,PC,TOTAL,T,NO,2022,1.4,
ESTAT:TESSI080(1.0),24/05/24 14:14:00,A,GE7,PC,TOTAL,T,PL,2015,10.9,
ESTAT:TESSI080(1.0),24/05/24 14:14:00,A,GE7,PC,TOTAL,T,PL,2016,8.3,
ESTAT:TESSI080(1.0),24/05/24 14:14:00,A,GE7,PC,TOTAL,T,PL,2017,8.3,
ESTAT:TESSI080(1.0),24/05/24 14:14:00,A,GE7,PC,TOTAL,T,PL,2018,7.4,
ESTAT:TESSI080(1.0),24/05/24 14:14:00,A,GE7,PC,TOTAL,T,PL,2019,6.5,
ESTAT:TESSI080(1.0),24/05/24 14:14:00,A,GE7,PC,TOTAL,T,PL,2020,6.2,
ESTAT:TESSI080(1.0),24/05/24 14:14:00,A,GE7,PC,TOTAL,T,PL,2021,5.8,
ESTAT:TESSI080(1.0),24/05/24 14:14:00,A,GE7,PC,TOTAL,T,PL,2022,4.8,
ESTAT:TESSI080(1.0),24/05/24 14:14:00,A,GE7,PC,TOTAL,T,PL,2023,4.7,
ESTAT:TESSI080(1.0),24/05/24 14:14:00,A,GE7,PC,TOTAL,T,PT,2015,15.0,
ESTAT:TESSI080(1.0),24/05/24 14:14:00,A,GE7,PC,TOTAL,T,PT,2016,13.1,
ESTAT:TESSI080(1.0),24/05/24 14:14:00,A,GE7,PC,TOTAL,T,PT,2017,11.7,
ESTAT:TESSI080(1.0),24/05/24 14:14:00,A,GE7,PC,TOTAL,T,PT,2018,10.0,
ESTAT:TESSI080(1.0),24/05/24 14:14:00,A,GE7,PC,TOTAL,T,PT,2019,8.8,
ESTAT:TESSI080(1.0),24/05/24 14:14:00,A,GE7,PC,TOTAL,T,PT,2020,8.6,
ESTAT:TESSI080(1.0),24/05/24 14:14:00,A,GE7,PC,TOTAL,T,PT,2021,9.2,
ESTAT:TESSI080(1.0),24/05/24 14:14:00,A,GE7,PC,TOTAL,T,PT,2022,8.1,
ESTAT:TESSI080(1.0),24/05/24 14:14:00,A,GE7,PC,TOTAL,T,PT,2023,7.9,
ESTAT:TESSI080(1.0),24/05/24 14:14:00,A,GE7,PC,TOTAL,T,RO,2015,37.8,
ESTAT:TESSI080(1.0),24/05/24 14:14:00,A,GE7,PC,TOTAL,T,RO,2016,39.2,
ESTAT:TESSI080(1.0),24/05/24 14:14:00,A,GE7,PC,TOTAL,T,RO,2017,37.6,
ESTAT:TESSI080(1.0),24/05/24 14:14:00,A,GE7,PC,TOTAL,T,RO,2018,33.2,
ESTAT:TESSI080(1.0),24/05/24 14:14:00,A,GE7,PC,TOTAL,T,RO,2019,30.4,
ESTAT:TESSI080(1.0),24/05/24 14:14:00,A,GE7,PC,TOTAL,T,RO,2020,30.4,
ESTAT:TESSI080(1.0),24/05/24 14:14:00,A,GE7,PC,TOTAL,T,RO,2021,31.7,
ESTAT:TESSI080(1.0),24/05/24 14:14:00,A,GE7,PC,TOTAL,T,RO,2022,31.6,
ESTAT:TESSI080(1.0),24/05/24 14:14:00,A,GE7,PC,TOTAL,T,RO,2023,28.9,
ESTAT:TESSI080(1.0),24/05/24 14:14:00,A,GE7,PC,TOTAL,T,RS,2015,27.9,
ESTAT:TESSI080(1.0),24/05/24 14:14:00,A,GE7,PC,TOTAL,T,RS,2017,26.3,
ESTAT:TESSI080(1.0),24/05/24 14:14:00,A,GE7,PC,TOTAL,T,RS,2018,21.4,
ESTAT:TESSI080(1.0),24/05/24 14:14:00,A,GE7,PC,TOTAL,T,RS,2019,20.1,
ESTAT:TESSI080(1.0),24/05/24 14:14:00,A,GE7,PC,TOTAL,T,RS,2020,19.4,
ESTAT:TESSI080(1.0),24/05/24 14:14:00,A,GE7,PC,TOTAL,T,RS,2021,18.6,
ESTAT:TESSI080(1.0),24/05/24 14:14:00,A,GE7,PC,TOTAL,T,RS,2022,17.7,
ESTAT:TESSI080(1.0),24/05/24 14:14:00,A,GE7,PC,TOTAL,T,SE,2015,1.0,b
ESTAT:TESSI080(1.0),24/05/24 14:14:00,A,GE7,PC,TOTAL,T,SE,2016,1.0,
ESTAT:TESSI080(1.0),24/05/24 14:14:00,A,GE7,PC,TOTAL,T,SE,2017,1.1,
ESTAT:TESSI080(1.0),24/05/24 14:14:00,A,GE7,PC,TOTAL,T,SE,2018,1.1,
ESTAT:TESSI080(1.0),24/05/24 14:14:00,A,GE7,PC,TOTAL,T,SE,2019,1.1,
ESTAT:TESSI080(1.0),24/05/24 14:14:00,A,GE7,PC,TOTAL,T,SE,2020,1.3,
ESTAT:TESSI080(1.0),24/05/24 14:14:00,A,GE7,PC,TOTAL,T,SE,2021,1.4,
ESTAT:TESSI080(1.0),24/05/24 14:14:00,A,GE7,PC,TOTAL,T,SE,2022,1.8,
ESTAT:TESSI080(1.0),24/05/24 14:14:00,A,GE7,PC,TOTAL,T,SE,2023,2.2,
ESTAT:TESSI080(1.0),24/05/24 14:14:00,A,GE7,PC,TOTAL,T,SI,2015,6.6,
ESTAT:TESSI080(1.0),24/05/24 14:14:00,A,GE7,PC,TOTAL,T,SI,2016,5.5,
ESTAT:TESSI080(1.0),24/05/24 14:14:00,A,GE7,PC,TOTAL,T,SI,2017,5.7,
ESTAT:TESSI080(1.0),24/05/24 14:14:00,A,GE7,PC,TOTAL,T,SI,2018,4.7,
ESTAT:TESSI080(1.0),24/05/24 14:14:00,A,GE7,PC,TOTAL,T,SI,2019,3.5,
ESTAT:TESSI080(1.0),24/05/24 14:14:00,A,GE7,PC,TOTAL,T,SI,2020,3.7,
ESTAT:TESSI080(1.0),24/05/24 14:14:00,A,GE7,PC,TOTAL,T,SI,2021,3.1,
ESTAT:TESSI080(1.0),24/05/24 14:14:00,A,GE7,PC,TOTAL,T,SI,2022,2.5,
ESTAT:TESSI080(1.0),24/05/24 14:14:00,A,GE7,PC,TOTAL,T,SI,2023,3.0,
ESTAT:TESSI080(1.0),24/05/24 14:14:00,A,GE7,PC,TOTAL,T,SK,2015,13.8,
ESTAT:TESSI080(1.0),24/05/24 14:14:00,A,GE7,PC,TOTAL,T,SK,2016,13.6,
ESTAT:TESSI080(1.0),24/05/24 14:14:00,A,GE7,PC,TOTAL,T,SK,2017,11.8,
ESTAT:TESSI080(1.0),24/05/24 14:14:00,A,GE7,PC,TOTAL,T,SK,2018,9.4,
ESTAT:TESSI080(1.0),24/05/24 14:14:00,A,GE7,PC,TOTAL,T,SK,2019,9.0,
ESTAT:TESSI080(1.0),24/05/24 14:14:00,A,GE7,PC,TOTAL,T,SK,2020,8.2,
ESTAT:TESSI080(1.0),24/05/24 14:14:00,A,GE7,PC,TOTAL,T,SK,2021,8.0,
ESTAT:TESSI080(1.0),24/05/24 14:14:00,A,GE7,PC,TOTAL,T,SK,2022,7.6,
ESTAT:TESSI080(1.0),24/05/24 14:14:00,A,GE7,PC,TOTAL,T,SK,2023,8.8,
ESTAT:TESSI080(1.0),24/05/24 14:14:00,A,GE7,PC,TOTAL,T,TR,2015,3.8,
ESTAT:TESSI080(1.0),24/05/24 14:14:00,A,GE7,PC,TOTAL,T,TR,2016,4.5,
ESTAT:TESSI080(1.0),24/05/24 14:14:00,A,GE7,PC,TOTAL,T,TR,2017,21.8,
ESTAT:TESSI080(1.0),24/05/24 14:14:00,A,GE7,PC,TOTAL,T,TR,2018,20.2,
ESTAT:TESSI080(1.0),24/05/24 14:14:00,A,GE7,PC,TOTAL,T,TR,2019,20.2,
ESTAT:TESSI080(1.0),24/05/24 14:14:00,A,GE7,PC,TOTAL,T,TR,2020,21.0,
ESTAT:TESSI080(1.0),24/05/24 14:14:00,A,GE7,PC,TOTAL,T,TR,2021,24.1,
ESTAT:TESSI080(1.0),24/05/24 14:14:00,A,GE7,PC,TOTAL,T,UK,2015,5.8,
ESTAT:TESSI080(1.0),24/05/24 14:14:00,A,GE7,PC,TOTAL,T,UK,2016,5.4,
ESTAT:TESSI080(1.0),24/05/24 14:14:00,A,GE7,PC,TOTAL,T,UK,2017,5.1,bu
ESTAT:TESSI080(1.0),24/05/24 14:14:00,A,GE7,PC,TOTAL,T,UK,2018,4.7,
